YEAR_MONTH,YEAR,MONTH,ROUND,CATEGORY,QUOTA_PREMIUM,PREVAILING_QUOTA_PREMIUM,QUOTA,BIDS_RECEIVED
2021-01,2021,1,1,a,40609,38137,963,1280
2021-01,2021,1,1,b,49001,42683,1023,1396
2021-01,2021,1,1,c,35900,32799,372,679
2021-01,2021,1,1,e,49489,0,467,758
2021-01,2021,1,2,a,43501,38137,966,1309
2021-01,2021,1,2,b,50100,42683,1018,1338
2021-01,2021,1,2,c,40999,32799,381,671
2021-01,2021,1,2,e,51900,0,466,705
2021-02,2021,2,1,a,42000,39844,885,1098
2021-02,2021,2,1,b,46790,45586,943,1107
2021-02,2021,2,1,c,45001,34471,276,510
2021-02,2021,2,1,e,49778,0,300,435
2021-02,2021,2,2,a,41001,39844,903,1226
2021-02,2021,2,2,b,46002,45586,942,1168
2021-02,2021,2,2,c,40890,34471,259,424
2021-02,2021,2,2,e,47506,0,304,503
2021-03,2021,3,1,a,41996,41397,887,1175
2021-03,2021,3,1,b,45001,47701,942,1121
2021-03,2021,3,1,c,37513,38480,255,480
2021-03,2021,3,1,e,47001,0,296,450
2021-03,2021,3,2,a,44589,41397,886,1186
2021-03,2021,3,2,b,47001,47701,946,1222
2021-03,2021,3,2,c,39589,38480,292,507
2021-03,2021,3,2,e,47806,0,298,430
2021-04,2021,4,1,a,45600,42283,883,1212
2021-04,2021,4,1,b,52309,47316,958,1524
2021-04,2021,4,1,c,36134,39982,263,488
2021-04,2021,4,1,e,52200,0,296,635
2021-04,2021,4,2,a,49640,42283,890,1290
2021-04,2021,4,2,b,61190,47316,956,1585
2021-04,2021,4,2,c,44001,39982,262,441
2021-04,2021,4,2,e,62100,0,303,633
2021-05,2021,5,1,a,48002,44138,832,1100
2021-05,2021,5,1,b,60001,49716,819,1244
2021-05,2021,5,1,c,43001,40522,157,261
2021-05,2021,5,1,e,63002,0,268,387
2021-05,2021,5,2,a,41801,44138,835,1209
2021-05,2021,5,2,b,58089,49716,817,1089
2021-05,2021,5,2,c,41701,40522,164,315
2021-05,2021,5,2,e,62000,0,266,400
2021-06,2021,6,1,a,48510,45272,858,1439
2021-06,2021,6,1,b,60109,53932,815,1107
2021-06,2021,6,1,c,37002,40324,195,413
2021-06,2021,6,1,e,61112,0,259,331
2021-06,2021,6,2,a,47821,45272,830,1178
2021-06,2021,6,2,b,56032,53932,809,983
2021-06,2021,6,2,c,37000,40324,238,478
2021-06,2021,6,2,e,58001,0,265,519
2021-07,2021,7,1,a,45001,46896,867,1149
2021-07,2021,7,1,b,56100,57955,840,1087
2021-07,2021,7,1,c,38900,39807,162,340
2021-07,2021,7,1,e,57700,0,259,416
2021-07,2021,7,2,a,47010,46896,836,1240
2021-07,2021,7,2,b,59501,57955,819,1107
2021-07,2021,7,2,c,39523,39807,166,337
2021-07,2021,7,2,e,60001,0,267,408
2021-08,2021,8,1,a,45189,46358,805,1021
2021-08,2021,8,1,b,56001,58306,771,980
2021-08,2021,8,1,c,42589,39522,118,233
2021-08,2021,8,1,e,59599,0,199,288
2021-08,2021,8,2,a,46689,46358,806,1127
2021-08,2021,8,2,b,61001,58306,794,1065
2021-08,2021,8,2,c,40010,39522,118,220
2021-08,2021,8,2,e,64901,0,198,408
2021-09,2021,9,1,a,47000,46704,804,1124
2021-09,2021,9,1,b,62600,58124,791,1080
2021-09,2021,9,1,c,40001,39171,122,211
2021-09,2021,9,1,e,64700,0,206,319
2021-09,2021,9,2,a,48000,46704,803,1040
2021-09,2021,9,2,b,68310,58124,772,1189
2021-09,2021,9,2,c,39000,39171,120,203
2021-09,2021,9,2,e,70002,0,198,400
2021-10,2021,10,1,a,47001,46482,816,1077
2021-10,2021,10,1,b,70200,60586,774,1130
2021-10,2021,10,1,c,38890,40004,125,233
2021-10,2021,10,1,e,72756,0,214,442
2021-10,2021,10,2,a,52709,46482,811,1304
2021-10,2021,10,2,b,80210,60586,774,1240
2021-10,2021,10,2,c,40501,40004,126,252
2021-10,2021,10,2,e,85000,0,210,391
2021-11,2021,11,1,a,53709,47765,536,834
2021-11,2021,11,1,b,82801,66387,587,839
2021-11,2021,11,1,c,42001,40166,92,173
2021-11,2021,11,1,e,88000,0,159,257
2021-11,2021,11,2,a,55001,47765,537,706
2021-11,2021,11,2,b,79601,66387,594,797
2021-11,2021,11,2,c,43502,40166,91,164
2021-11,2021,11,2,e,86001,0,164,253
2021-12,2021,12,1,a,57010,50570,536,771
2021-12,2021,12,1,b,80401,73954,593,822
2021-12,2021,12,1,c,45000,40650,93,147
2021-12,2021,12,1,e,85000,0,149,245
2021-12,2021,12,2,a,58801,50570,534,740
2021-12,2021,12,2,b,80989,73954,595,829
2021-12,2021,12,2,c,44000,40650,90,150
2021-12,2021,12,2,e,83889,0,177,241
2022-01,2022,1,1,a,57599,54039,543,760
2022-01,2022,1,1,b,77700,79034,587,712
2022-01,2022,1,1,c,42200,42316,90,198
2022-01,2022,1,1,e,82501,0,149,193
2022-01,2022,1,2,a,57898,54039,531,711
2022-01,2022,1,2,b,82001,79034,592,907
2022-01,2022,1,2,c,43001,42316,91,149
2022-01,2022,1,2,e,83911,0,145,226
2022-02,2022,2,1,a,60761,56670,542,819
2022-02,2022,2,1,b,86102,80583,550,865
2022-02,2022,2,1,c,44001,43284,80,149
2022-02,2022,2,1,e,87000,0,180,269
2022-02,2022,2,2,a,63000,56670,536,876
2022-02,2022,2,2,b,93590,80583,559,939
2022-02,2022,2,2,c,46501,43284,76,194
2022-02,2022,2,2,e,93102,0,180,300
2022-03,2022,3,1,a,68501,59179,531,962
2022-03,2022,3,1,b,94889,83464,551,860
2022-03,2022,3,1,c,48889,44118,76,199
2022-03,2022,3,1,e,98890,0,190,318
2022-03,2022,3,2,a,71556,59179,543,849
2022-03,2022,3,2,b,98889,83464,555,824
2022-03,2022,3,2,c,51504,44118,91,166
2022-03,2022,3,2,e,99010,0,180,344
2022-04,2022,4,1,a,72996,63220,536,723
2022-04,2022,4,1,b,98389,88862,550,708
2022-04,2022,4,1,c,54901,46016,85,210
2022-04,2022,4,1,e,99999,0,180,290
2022-04,2022,4,2,a,68699,63220,532,744
2022-04,2022,4,2,b,90002,88862,560,687
2022-04,2022,4,2,c,52002,46016,76,181
2022-04,2022,4,2,e,95801,0,184,295
2022-05,2022,5,1,a,70901,67586,612,804
2022-05,2022,5,1,b,92090,93644,527,699
2022-05,2022,5,1,c,50890,49633,104,184
2022-05,2022,5,1,e,91112,0,195,283
2022-05,2022,5,2,a,68001,67586,625,819
2022-05,2022,5,2,b,95889,93644,528,709
2022-05,2022,5,2,c,51501,49633,103,220
2022-05,2022,5,2,e,95901,0,191,309
2022-06,2022,6,1,a,73801,70109,612,874
2022-06,2022,6,1,b,100684,95025,528,851
2022-06,2022,6,1,c,53002,51615,107,203
2022-06,2022,6,1,e,100697,0,190,316
2022-06,2022,6,2,a,74989,70109,614,850
2022-06,2022,6,2,b,106001,95025,531,822
2022-06,2022,6,2,c,53011,51615,103,224
2022-06,2022,6,2,e,104400,0,194,276
2022-07,2022,7,1,a,78001,71565,617,900
2022-07,2022,7,1,b,107800,97176,527,695
2022-07,2022,7,1,c,54001,52552,102,160
2022-07,2022,7,1,e,110524,0,195,340
2022-07,2022,7,2,a,78899,71565,628,834
2022-07,2022,7,2,b,110003,97176,527,702
2022-07,2022,7,2,c,54889,52552,102,174
2022-07,2022,7,2,e,114001,0,194,317
2022-08,2022,8,1,a,80000,74099,554,689
2022-08,2022,8,1,b,107001,102078,474,612
2022-08,2022,8,1,c,56089,52883,95,168
2022-08,2022,8,1,e,113000,0,167,293
2022-08,2022,8,2,a,87889,74099,551,835
2022-08,2022,8,2,b,112001,102078,471,665
2022-08,2022,8,2,c,59090,52883,87,196
2022-08,2022,8,2,e,112001,0,163,273
2022-09,2022,9,1,a,86000,78930,556,723
2022-09,2022,9,1,b,113000,107249,470,627
2022-09,2022,9,1,c,64989,55014,85,179
2022-09,2022,9,1,e,113299,0,165,260
2022-09,2022,9,2,a,84000,78930,543,759
2022-09,2022,9,2,b,108051,107249,471,553
2022-09,2022,9,2,c,67001,55014,83,157
2022-09,2022,9,2,e,107201,0,176,297
2022-10,2022,10,1,a,80501,82465,564,724
2022-10,2022,10,1,b,95856,109643,474,635
2022-10,2022,10,1,c,65991,59344,84,148
2022-10,2022,10,1,e,105001,0,179,232
2022-10,2022,10,2,a,81089,82465,559,714
2022-10,2022,10,2,b,110000,109643,470,848
2022-10,2022,10,2,c,70201,59344,91,297
2022-10,2022,10,2,e,108003,0,164,285
2022-11,2022,11,1,a,87235,83247,460,687
2022-11,2022,11,1,b,115388,107652,411,640
2022-11,2022,11,1,c,76302,63894,70,147
2022-11,2022,11,1,e,116577,0,146,283
2022-11,2022,11,2,a,90589,83247,459,622
2022-11,2022,11,2,b,113881,107652,416,568
2022-11,2022,11,2,c,81802,63894,73,122
2022-11,2022,11,2,e,114009,0,150,242
2022-12,2022,12,1,a,88503,84903,458,616
2022-12,2022,12,1,b,105501,109363,427,568
2022-12,2022,12,1,c,81501,71048,69,118
2022-12,2022,12,1,e,110524,0,149,266
2022-12,2022,12,2,a,88007,84903,473,618
2022-12,2022,12,2,b,108006,109363,409,564
2022-12,2022,12,2,c,78200,71048,69,147
2022-12,2022,12,2,e,109600,0,146,273
2023-01,2023,1,1,a,80000,85988,462,649
2023-01,2023,1,1,b,102002,108106,410,487
2023-01,2023,1,1,c,77301,75667,70,183
2023-01,2023,1,1,e,107889,0,146,285
2023-01,2023,1,2,a,86000,85988,459,627
2023-01,2023,1,2,b,105459,108106,408,514
2023-01,2023,1,2,c,77109,75667,78,182
2023-01,2023,1,2,e,107000,0,149,248
2023-02,2023,2,1,a,86000,86723,509,663
2023-02,2023,2,1,b,105524,108373,430,580
2023-02,2023,2,1,c,85119,78703,44,108
2023-02,2023,2,1,e,105002,0,129,229
2023-02,2023,2,2,a,86556,86723,508,702
2023-02,2023,2,2,b,115001,108373,436,768
2023-02,2023,2,2,c,87790,78703,47,136
2023-02,2023,2,2,e,118001,0,132,274
2023-03,2023,3,1,a,88000,85845,517,665
2023-03,2023,3,1,b,115501,106916,431,629
2023-03,2023,3,1,c,91101,81170,43,65
2023-03,2023,3,1,e,116000,0,132,254
2023-03,2023,3,2,a,93503,85845,510,768
2023-03,2023,3,2,b,116201,106916,466,670
2023-03,2023,3,2,c,85389,81170,50,107
2023-03,2023,3,2,e,116020,0,132,265
2023-04,2023,4,1,a,96501,86677,515,749
2023-04,2023,4,1,b,118501,109948,430,566
2023-04,2023,4,1,c,76801,83969,47,103
2023-04,2023,4,1,e,118990,0,134,252
2023-04,2023,4,2,a,103721,86677,507,750
2023-04,2023,4,2,b,120889,109948,430,553
2023-04,2023,4,2,c,75334,83969,51,116
2023-04,2023,4,2,e,124501,0,137,252
2023-05,2023,5,1,a,101001,92381,474,663
2023-05,2023,5,1,b,119399,115270,410,513
2023-05,2023,5,1,c,75589,83589,68,109
2023-05,2023,5,1,e,124002,0,125,271
2023-05,2023,5,2,a,92000,92381,596,936
2023-05,2023,5,2,b,113034,115270,480,713
2023-05,2023,5,2,c,77501,83589,72,148
2023-05,2023,5,2,e,125000,0,125,301
2023-06,2023,6,1,a,98001,95788,581,881
2023-06,2023,6,1,b,120702,117255,454,719
2023-06,2023,6,1,c,81801,80286,68,151
2023-06,2023,6,1,e,120889,0,124,280
2023-06,2023,6,2,a,96206,95788,586,751
2023-06,2023,6,2,b,121000,117255,454,622
2023-06,2023,6,2,c,83140,80286,71,178
2023-06,2023,6,2,e,123000,0,145,312
2023-07,2023,7,1,a,97000,97905,588,756
2023-07,2023,7,1,b,118002,118921,471,594
2023-07,2023,7,1,c,82223,78361,77,147
2023-07,2023,7,1,e,121000,0,130,217
2023-07,2023,7,2,a,95202,97905,581,728
2023-07,2023,7,2,b,118001,118921,462,602
2023-07,2023,7,2,c,82001,78361,69,133
2023-07,2023,7,2,e,122110,0,129,243
2023-08,2023,8,1,a,99499,96569,632,949
2023-08,2023,8,1,b,126889,118357,470,853
2023-08,2023,8,1,c,82100,80376,122,222
2023-08,2023,8,1,e,126201,0,140,237
2023-08,2023,8,2,a,100000,96569,636,908
2023-08,2023,8,2,b,129890,118357,478,731
2023-08,2023,8,2,c,82801,80376,114,180
2023-08,2023,8,2,e,131000,0,131,237
2023-09,2023,9,1,a,101000,97652,645,840
2023-09,2023,9,1,b,134889,122414,470,723
2023-09,2023,9,1,c,82889,82345,115,182
2023-09,2023,9,1,e,137000,0,130,219
2023-09,2023,9,2,a,105000,97652,651,864
2023-09,2023,9,2,b,140889,122414,496,735
2023-09,2023,9,2,c,83801,82345,114,153
2023-09,2023,9,2,e,144640,0,153,282
2023-10,2023,10,1,a,104000,99617,785,1039
2023-10,2023,10,1,b,146002,128094,474,643
2023-10,2023,10,1,c,85900,82636,114,191
2023-10,2023,10,1,e,152000,0,140,261
2023-10,2023,10,2,a,106000,99617,797,1028
2023-10,2023,10,2,b,150001,128094,472,623
2023-10,2023,10,2,c,84790,82636,114,186
2023-10,2023,10,2,e,158004,0,138,228
2023-11,2023,11,1,a,95689,102584,924,1165
2023-11,2023,11,1,b,110001,138094,636,830
2023-11,2023,11,1,c,78001,83714,190,281
2023-11,2023,11,1,e,125011,0,141,227
2023-11,2023,11,2,a,85001,102584,925,1291
2023-11,2023,11,2,b,135336,138094,648,1228
2023-11,2023,11,2,c,73889,83714,190,368
2023-11,2023,11,2,e,135002,0,151,323
2023-12,2023,12,1,a,88020,99449,928,1233
2023-12,2023,12,1,b,130100,136187,638,933
2023-12,2023,12,1,c,71001,81545,193,346
2023-12,2023,12,1,e,133388,0,145,287
2023-12,2023,12,2,a,85000,99449,919,1166
2023-12,2023,12,2,b,110001,136187,643,847
2023-12,2023,12,2,c,69423,81545,192,359
2023-12,2023,12,2,e,118388,0,147,228
2024-01,2024,1,1,a,65010,93952,924,1184
2024-01,2024,1,1,b,85010,130241,633,850
2024-01,2024,1,1,c,67599,77168,193,340
2024-01,2024,1,1,e,106388,0,149,263
2024-01,2024,1,2,a,81589,93952,923,1880
2024-01,2024,1,2,b,112000,130241,657,1308
2024-01,2024,1,2,c,68001,77168,191,394
2024-01,2024,1,2,e,109004,0,140,267
2024-02,2024,2,1,a,79000,83385,938,1931
2024-02,2024,2,1,b,102338,113742,655,1163
2024-02,2024,2,1,c,72001,71319,196,366
2024-02,2024,2,1,e,100101,0,163,305
2024-02,2024,2,2,a,76801,83385,937,1909
2024-02,2024,2,2,b,97000,113742,649,1034
2024-02,2024,2,2,c,73001,71319,199,374
2024-02,2024,2,2,e,94006,0,158,271
2024-03,2024,3,1,a,83000,79237,963,1866
2024-03,2024,3,1,b,96010,106075,708,1073
2024-03,2024,3,1,c,75599,70171,200,303
2024-03,2024,3,1,e,95010,0,159,282
2024-03,2024,3,2,a,85489,79237,936,1922
2024-03,2024,3,2,b,96011,106075,656,1066
2024-03,2024,3,2,c,70112,70171,202,313
2024-03,2024,3,2,e,95856,0,157,256
2024-04,2024,4,1,a,89000,78482,975,1922
2024-04,2024,4,1,b,101334,98062,653,1208
2024-04,2024,4,1,c,67501,71053,197,365
2024-04,2024,4,1,e,101002,0,164,333
2024-04,2024,4,2,a,94010,78482,936,1390
2024-04,2024,4,2,b,102001,98062,690,1008
2024-04,2024,4,2,c,68502,71053,195,332
2024-04,2024,4,2,e,103249,0,155,269
2024-05,2024,5,1,a,93604,84550,968,1632
2024-05,2024,5,1,b,105002,99116,666,1237
2024-05,2024,5,1,c,70001,71120,206,350
2024-05,2024,5,1,e,104689,0,177,317
2024-05,2024,5,2,a,92700,84550,983,1444
2024-05,2024,5,2,b,105689,99116,658,1099
2024-05,2024,5,2,c,72001,71120,207,382
2024-05,2024,5,2,e,105002,0,178,295
2024-06,2024,6,1,a,88200,89634,962,1467
2024-06,2024,6,1,b,100607,101008,685,974
2024-06,2024,6,1,c,70589,70620,230,334
2024-06,2024,6,1,e,101600,0,183,319
2024-06,2024,6,2,a,90889,89634,966,1403
2024-06,2024,6,2,b,102334,101008,674,1046
2024-06,2024,6,2,c,69900,70620,214,291
2024-06,2024,6,2,e,100000,0,177,301
2024-07,2024,7,1,a,91001,91401,967,1429
2024-07,2024,7,1,b,100901,102828,671,896
2024-07,2024,7,1,c,70001,69749,214,325
2024-07,2024,7,1,e,100889,0,176,309
2024-07,2024,7,2,a,91899,91401,973,1342
2024-07,2024,7,2,b,100000,102828,661,891
2024-07,2024,7,2,c,70601,69749,214,355
2024-07,2024,7,2,e,100341,0,177,300
2024-08,2024,8,1,a,94289,91383,1013,1570
2024-08,2024,8,1,b,106101,102423,663,1150
2024-08,2024,8,1,c,71100,70516,218,312
2024-08,2024,8,1,e,105239,0,178,322
2024-08,2024,8,2,a,93900,91383,978,1314
2024-08,2024,8,2,b,105889,102423,686,985
2024-08,2024,8,2,c,72400,70516,216,333
2024-08,2024,8,2,e,106001,0,173,350
2024-09,2024,9,1,a,96490,91697,983,1308
2024-09,2024,9,1,b,106300,102639,665,924
2024-09,2024,9,1,c,74001,70766,216,324
2024-09,2024,9,1,e,106901,0,176,388
2024-09,2024,9,2,a,98524,91697,990,1377
2024-09,2024,9,2,b,110001,102639,663,879
2024-09,2024,9,2,c,74000,70766,217,318
2024-09,2024,9,2,e,113104,0,117,383
2024-10,2024,10,1,a,103799,94351,994,1604
2024-10,2024,10,1,b,116002,104866,671,1084
2024-10,2024,10,1,c,75009,72018,218,321
2024-10,2024,10,1,e,116000,0,182,346
2024-10,2024,10,2,a,102900,94351,1058,1499
2024-10,2024,10,2,b,113890,104866,670,975
2024-10,2024,10,2,c,72939,72018,222,337
2024-10,2024,10,2,e,114700,0,177,327
2024-11,2024,11,1,a,99889,98317,1040,1338
2024-11,2024,11,1,b,108001,109698,696,1039
2024-11,2024,11,1,c,68340,73242,236,365
2024-11,2024,11,1,e,109000,0,189,321
2024-11,2024,11,2,a,89889,98317,1041,1320
2024-11,2024,11,2,b,105081,109698,678,874
2024-11,2024,11,2,c,69000,73242,235,378
2024-11,2024,11,2,e,107501,0,179,298
2024-12,2024,12,1,a,94000,98582,1037,1475
2024-12,2024,12,1,b,103010,109880,689,866
2024-12,2024,12,1,c,70289,72215,262,418
2024-12,2024,12,1,e,104001,0,179,326
2024-12,2024,12,2,a,96000,98582,1035,1506
2024-12,2024,12,2,b,109000,109880,676,987
2024-12,2024,12,2,c,69890,72215,255,400
2024-12,2024,12,2,e,108992,0,182,330
2025-01,2025,1,1,a,93699,97747,1034,1381
2025-01,2025,1,1,b,121501,109164,677,1266
2025-01,2025,1,1,c,67891,70912,248,364
2025-01,2025,1,1,e,123000,0,191,415
2025-01,2025,1,2,a,93601,97747,1069,1484
2025-01,2025,1,2,b,116625,109164,686,1071
2025-01,2025,1,2,c,65476,70912,234,373
2025-01,2025,1,2,e,115112,0,190,326
2025-02,2025,2,1,a,85000,94513,1138,1446
2025-02,2025,2,1,b,111104,110537,748,1007
2025-02,2025,2,1,c,62506,68481,260,394
2025-02,2025,2,1,e,110000,0,199,369
2025-02,2025,2,2,a,92850,94513,1149,2290
2025-02,2025,2,2,b,109598,110537,744,1135
2025-02,2025,2,2,c,65189,68481,259,430
2025-02,2025,2,2,e,110002,0,198,367
2025-03,2025,3,1,a,92730,92525,1144,2034
2025-03,2025,3,1,b,113000,111807,765,1208
2025-03,2025,3,1,c,67001,66874,262,413
2025-03,2025,3,1,e,112901,0,202,403
2025-03,2025,3,2,a,94502,92525,1138,1951
2025-03,2025,3,2,b,116890,111807,747,1196
2025-03,2025,3,2,c,70089,66874,277,469
2025-03,2025,3,2,e,116991,0,198,382
2025-04,2025,4,1,a,97724,92064,1138,2162
2025-04,2025,4,1,b,117899,114787,760,1200
2025-04,2025,4,1,c,68782,66359,267,382
2025-04,2025,4,1,e,117002,0,200,390
2025-04,2025,4,2,a,99500,92064,1139,2121
2025-04,2025,4,2,b,117003,114787,744,1098
2025-04,2025,4,2,c,65001,66359,260,399
2025-04,2025,4,2,e,118001,0,200,406
2025-05,2025,5,1,a,103009,93718,1267,2240
2025-05,2025,5,1,b,119890,114249,813,1210
2025-05,2025,5,1,c,62590,66428,271,386
2025-05,2025,5,1,e,118889,0,207,384
2025-05,2025,5,2,a,102501,93718,1267,1915
2025-05,2025,5,2,b,116988,114249,782,1093
2025-05,2025,5,2,c,63189,66428,271,382
2025-05,2025,5,2,e,118010,0,206,387
2025-06,2025,6,1,a,96999,98328,1275,1691
2025-06,2025,6,1,b,113000,116945,795,974
2025-06,2025,6,1,c,62000,66109,276,386
2025-06,2025,6,1,e,113900,0,202,363
2025-06,2025,6,2,a,98124,98328,1254,1647
2025-06,2025,6,2,b,116670,116945,784,1163
2025-06,2025,6,2,c,65000,66109,271,393
2025-06,2025,6,2,e,116889,0,223,399
2025-07,2025,7,1,a,101102,99643,1253,1918
2025-07,2025,7,1,b,119600,116909,781,1199
2025-07,2025,7,1,c,66689,64427,291,432
2025-07,2025,7,1,e,118500,0,212,384
2025-07,2025,7,2,a,101102,99643,1253,1874
2025-07,2025,7,2,b,119101,116909,784,1148
2025-07,2025,7,2,c,68600,64427,271,405
2025-07,2025,7,2,e,120000,0,211,431
2025-08,2025,8,1,a,102009,100473,1268,1755
2025-08,2025,8,1,b,123498,117542,789,1271
2025-08,2025,8,1,c,70001,64678,290,422
2025-08,2025,8,1,e,122334,0,261,511
2025-08,2025,8,2,a,104524,100473,1264,1922
2025-08,2025,8,2,b,124400,117542,792,1221
2025-08,2025,8,2,c,72190,64678,273,472
2025-08,2025,8,2,e,125001,0,257,491
2025-09,2025,9,1,a,107889,100644,1275,1844
2025-09,2025,9,1,b,127501,119379,790,1186
2025-09,2025,9,1,c,71556,67414,283,401
2025-09,2025,9,1,e,127901,0,256,489
2025-09,2025,9,2,a,119003,100644,1272,2521
2025-09,2025,9,2,b,136890,119379,792,1273
2025-09,2025,9,2,c,72501,67414,276,413
2025-09,2025,9,2,e,140502,0,256,540
2025-10,2025,10,1,a,128105,105939,1268,2572
2025-10,2025,10,1,b,141000,125165,830,1202
2025-10,2025,10,1,c,74301,70257,274,424
2025-10,2025,10,1,e,140009,0,259,472
2025-10,2025,10,2,a,122000,105939,1270,1968
2025-10,2025,10,2,b,131889,125165,809,977
2025-10,2025,10,2,c,76801,70257,276,427
2025-10,2025,10,2,e,136000,0,261,414
2025-11,2025,11,1,a,110002,113922,1306,1682
2025-11,2025,11,1,b,115001,130863,800,953
2025-11,2025,11,1,c,76000,72892,283,434
2025-11,2025,11,1,e,121010,0,282,467
2025-11,2025,11,2,a,109000,113922,1285,1587
2025-11,2025,11,2,b,129890,130863,806,1514
2025-11,2025,11,2,c,76389,72892,282,406
2025-11,2025,11,2,e,125001,0,276,466
2025-12,2025,12,1,a,105413,116000,1280,1557
2025-12,2025,12,1,b,123900,130362,802,1096
2025-12,2025,12,1,c,76501,74592,286,370
2025-12,2025,12,1,e,123000,0,291,544
2025-12,2025,12,2,a,109501,116000,1283,1647
2025-12,2025,12,2,b,115102,130362,838,968
2025-12,2025,12,2,c,77003,74592,286,407
2025-12,2025,12,2,e,119000,0,276,455
2026-01,2026,1,1,a,102009,114004,1285,1658
2026-01,2026,1,1,b,119100,126131,824,1128
2026-01,2026,1,1,c,75503,76166,287,394
2026-01,2026,1,1,e,122000,0,278,528
2026-01,2026,1,2,a,109501,114004,1301,2303
2026-01,2026,1,2,b,121634,126131,803,1207
2026-01,2026,1,2,c,75202,76166,283,434
2026-01,2026,1,2,e,120891,0,299,426
2026-02,2026,2,1,a,106320,107571,1265,1982
2026-02,2026,2,1,b,110890,120772,813,966
2026-02,2026,2,1,c,74801,76100,292,420
2026-02,2026,2,1,e,116000,0,271,462
2026-02,2026,2,2,a,106501,107571,1289,1975
2026-02,2026,2,2,b,105001,120772,813,1353
2026-02,2026,2,2,c,74999,76100,294,502
2026-02,2026,2,2,e,112890,0,239,571
2026-03,2026,3,1,a,108220,106541,1268,1762
2026-03,2026,3,1,b,114002,115938,815,1261
2026-03,2026,3,1,c,76000,75669,290,488
2026-03,2026,3,1,e,114890,0,245,514
2026-03,2026,3,2,a,111890,106541,1264,1895
2026-03,2026,3,2,b,115568,115938,812,1185
2026-03,2026,3,2,c,78000,75669,290,438
2026-03,2026,3,2,e,118119,0,246,422
2026-04,2026,4,1,a,118000,107407,1265,2537
2026-04,2026,4,1,b,121000,114366,811,1406
2026-04,2026,4,1,c,80001,75751,295,539
2026-04,2026,4,1,e,121001,0,245,475
2026-04,2026,4,2,a,123010,107407,1265,2410
2026-04,2026,4,2,b,121001,114366,811,1194
2026-04,2026,4,2,c,83501,75751,290,494
2026-04,2026,4,2,e,125002,0,241,494
2026-05,2026,5,1,a,124790,112324,1301,2071
2026-05,2026,5,1,b,126236,114577,883,1332
2026-05,2026,5,1,c,87479,77884,293,511
2026-05,2026,5,1,e,127700,0,254,479
2026-05,2026,5,2,a,124229,112324,1239,2283
2026-05,2026,5,2,b,129501,114577,869,1469
2026-05,2026,5,2,c,92223,77884,292,468
2026-05,2026,5,2,e,130000,0,256,436
2026-06,2026,6,1,a,126009,118357,1246,2076
2026-06,2026,6,1,b,126989,121218,889,1300
2026-06,2026,6,1,c,94000,82868,293,453
2026-06,2026,6,1,e,129000,0,261,497
2026-06,2026,6,2,a,123847,118357,1251,1768
2026-06,2026,6,2,b,123502,121218,883,1202
2026-06,2026,6,2,c,93001,82868,291,390
2026-06,2026,6,2,e,129002,0,262,487
2026-07,2026,7,1,a,129000,123315,1244,1879
2026-07,2026,7,1,b,130889,124705,867,1500
2026-07,2026,7,1,c,95000,88368,296,442
2026-07,2026,7,1,e,129801,0,277,452
2026-07,2026,7,2,a,126000,123315,1245,1590
2026-07,2026,7,2,b,129890,124705,871,1365
2026-07,2026,7,2,c,93889,88368,301,430
2026-07,2026,7,2,e,129971,0,263,450
2026-08,2026,8,1,a,123890,125646,1226,1522
2026-08,2026,8,1,b,129910,127835,926,1316
2026-08,2026,8,1,c,91545,92599,315,465
