NAME,URL,STREET,POSTAL_CODE,MRT_STATIONS,BUS_LINES,PLANNING_AREA,ZONE,TYPE_CODE,NATURE_CODE,SESSION_CODE,MAINLEVEL_CODE,LATITUDE,LONGITUDE
admiralty primary school,https://admiraltypri.moe.edu.sg/,11 woodlands circle,738907,admiralty station,"965, 964, 913",woodlands,north,government school,co-ed school,full day,primary,1.4426347903311,103.800040119743
admiralty secondary school,http://www.admiraltysec.moe.edu.sg,31 woodlands crescent,737916,admiralty mrt,904,woodlands,north,government school,co-ed school,single session,secondary (s1-s5),1.44589068910993,103.802398196596
ahmad ibrahim primary school,http://www.ahmadibrahimpri.moe.edu.sg,10 yishun street 11,768643,yishun,"yishun ring road - 812 (white plate); yishun ave 2 - 169, 804, 965, 117, 883",yishun,north,government school,co-ed school,single session,primary,1.43315271543517,103.832942401086
ahmad ibrahim secondary school,http://www.ahmadibrahimsec.moe.edu.sg,751 yishun avenue 7,768928,"canberra mrt, yishun mrt","117, 167, 169, 800, 811, 812, 883, 856, 858, 859, 965, 969, 980",yishun,north,government school,co-ed school,single session,secondary (s1-s5),1.43605975368804,103.829718690077
ai tong school,http://www.aitong.moe.edu.sg,100 bright hill drive,579646,bishan mrt,"410, 162, 52",bishan,south,government-aided sch,co-ed school,single session,primary,1.3605834338904,103.833020333986
alexandra primary school,http://alexandrapri.moe.edu.sg,2a prince charles crescent,159016,"redhill station , tiong bahru station","51, 122, 139, 186, 970.",bukit merah,south,government school,co-ed school,single session,primary,1.29133439161334,103.824424680531
anchor green primary school,http://www.anchorgreenpri.moe.edu.sg,31 anchorvale drive,544969,"mrt : ne16-sengkang, lrt : sw7-tongkang","bus 372, 110, 50",sengkang,north,government school,co-ed school,single session,primary,1.39036998654612,103.887165375933
anderson primary school,http://www.andersonpri.moe.edu.sg,19 ang mo kio ave 9,569785,"yio chu kang mrt station (ns 15), lentor mrt station (te5)","ang mo kio ave 9 - bus 76, 265, 268",ang mo kio,north,government school,co-ed school,single session,primary,1.38426429436736,103.841392081119
anderson secondary school,http://www.andersonsec.moe.edu.sg,10 ang mo kio street 53,569206,"ang mo kio mrt, yio chu kang mrt","265, 45, 50, 72, 159",ang mo kio,north,government school,co-ed school,single session,secondary (s1-s5),1.37434001701177,103.851554107068
anderson serangoon junior college,www.asrjc.moe.edu.sg,1033 upper serangoon road,534768,kovan mrt station,"25, 55, 62, 80, 81, 82, 101, 107, 107m, 112, 113, 115, 119, 132, 136, 153, 325, 854",hougang,north,government school,co-ed school,full day,junior college,1.36504342002442,103.887038809373
ang mo kio primary school,http://www.angmokiopri.moe.edu.sg,20 ang mo kio avenue 3,569920,"ang mo kio mrt station, mayflower mrt station","76, 132, 165, 166, 169, 200, 000, 000",ang mo kio,south,government school,co-ed school,single session,primary,1.36932176584608,103.839630858752
ang mo kio secondary school,http://www.angmokiosec.moe.edu.sg,6 ang mo kio street 22,569362,ang mo kio mrt,"13, 74, 76, 88, 130, 132, 133, 136, 165, 169, 265, 268, 269, 851, 852",ang mo kio,south,government school,co-ed school,single session,secondary (s1-s5),1.36733710171069,103.842154973672
anglican high school,http://www.anglicanhigh.moe.edu.sg,600 upper changi road,487012,tanah merah mrt,"2, 9, 12, 14, 24, 31, 35, 38, 45, 46, 47, 48, 222",bedok,east,government-aided sch,co-ed school,single session,secondary (s1-s4),1.33118107926966,103.941853465631
anglo-chinese junior college,https://acjc.moe.edu.sg,25 dover close east,139745,buona vista,"74, 95, 100, 105, 106, 111, 145, 147, 191, 196, 198, 602",queenstown,west,government-aided sch,co-ed school,full day,junior college,1.30304255193392,103.785358436408
anglo-chinese school (barker road),http://www.acsbr.moe.edu.sg,60 barker road,309919,"newton mrt, stevens mrt","48, 66, 67, 170, 960, 972",novena,south,government-aided sch,boys' school,single session,secondary (s1-s5),1.31961649151328,103.835772689988
anglo-chinese school (independent),https://www.acsindep.moe.edu.sg,121 dover road,139650,"dover mrt, buona vista mrt, one-north mrt","33, 74, 166, 196",queenstown,south,independent school,co-ed school,single session,mixed level (s1-jc2),1.30370409257783,103.780363417671
anglo-chinese school (junior),www.acsj.moe.edu.sg,16 winstedt road,227988,newton mrt station,"5, 54, 124, 143, 162, 162m, 167, 167e, 518, 518a, 972m",central,south,government-aided sch,boys' school,single session,primary,1.30935041274966,103.840950265464
anglo-chinese school (primary),http://www.acspri.moe.edu.sg/,50 barker road,309918,newton mrt station,"bus 48, 66, 67, 170, 960, 972m",novena,south,government-aided sch,boys' school,single session,primary,1.31837054523521,103.835609732354
angsana primary school,https://angsanapri.moe.edu.sg/,51 tampines street 61,528565,tampines,"bus service 68, 68a",tampines,east,government school,co-ed school,single session,primary,1.36360590588314,103.9389409004
assumption english school,http://www.assumptionenglish.moe.edu.sg,622 upper bukit timah road,678117,cashew mrt,"67, 75, 170, 176, 178, 184, 961, 963, 970",bukit panjang,west,government-aided sch,co-ed school,single session,secondary (s1-s5),1.36838160662857,103.766687526556
assumption pathway school,http://www.aps.edu.sg,30 cashew road,679697,"downtown line 2, cashew mrt","sbs transit no 170, smrt no 67, 75, 171, 176, 178, 184, 961, 963 & 970",bukit panjang,west,specialised independent school,co-ed school,single session,secondary (s1-s4),1.3696707043227,103.765959130581
bartley secondary school,http://www.bartleysec.moe.edu.sg,10 jalan bunga rampai,538403,"bartley mrt, tai seng mrt","22, 24, 28, 43, 58, 62, 70, 70m, 76, 80, 80a, 93, 158",toa payoh,south,government school,co-ed school,single session,secondary (s1-s5),1.33995415587811,103.882806211705
beacon primary school,https://beaconpri.moe.edu.sg/,36 bukit panjang ring road,679944,"bangkit lrt, fajar lrt station, bukit panjang mrt","920, 922, 971, 972, 972a, 972m, 976",bukit panjang,west,government school,co-ed school,single session,primary,1.38394936211823,103.773632022975
beatty secondary school,http://www.beattysec.moe.edu.sg,1 toa payoh north,318990,"braddell mrt, toa payoh mrt","13, 28, 56, 57, 59, 73, 88, 93, 105, 129, 153, 155, 157, 159, 163, 231, 232",toa payoh,south,government school,co-ed school,single session,secondary (s1-s5),1.341790284928,103.852280842345
bedok green primary school,http://www.bedokgreenpri.moe.edu.sg,1 bedok south ave 2,469317,"bedok mrt station, tanah merah mrt station","bus no. 2, 9, 12, 24, 31, 34 & 38",bedok,east,government school,co-ed school,single session,primary,1.32344593287992,103.937878976352
bedok green secondary school,http://www.bedokgreensec.moe.edu.sg,360 bedok north ave 3,469722,"bedok mrt, bedok reservoir mrt","14, 17, 18, 28, 46, 66, 67, 69, 168, 222, 228, 506",bedok,east,government school,co-ed school,single session,secondary (s1-s5),1.33451947288431,103.935028383346
bedok south secondary school,https://www.bedoksouthsec.moe.edu.sg/,1 jalan langgar bedok,468585,tanah merah mrt,"10, 14, 45",bedok,east,government school,co-ed school,single session,secondary (s1-s5),1.32513655159184,103.950989139261
bedok view secondary school,http://www.bedokviewsec.moe.edu.sg,6 bedok south avenue 3,469293,tanah merah mrt,"2, 9, 12, 14, 24, 25, 31, 35, 38, 45, 46, 47, 48",bedok,east,government school,co-ed school,single session,secondary (s1-s5),1.32415704029686,103.943776245024
bendemeer primary school,http://www.bendemeerpri.moe.edu.sg/,91 bendemeer road,339948,"boon keng, kallang","13 23 31 61 64 65 65m 66 125, 125x, 133, 140, 147, 853, 857, 985",kallang,south,government school,co-ed school,single session,primary,1.32181250780475,103.865404167629
bendemeer secondary school,http://www.bendemeersec.moe.edu.sg,1 st wilfred road,327919,boon keng mrt,"13, 23, 31, 64, 65, 66, 125, 133, 140, 147, 857, 985",kallang,south,government school,co-ed school,single session,secondary (s1-s5),1.32461111307996,103.860970284401
blangah rise primary school,http://www.blangahrisepri.moe.edu.sg/,91 telok blangah heights,109100,"telok blangah, tiong bahru & redhill",sbs 273 & 124,bukit merah,south,government school,co-ed school,single session,primary,1.27612047924037,103.808628535239
boon lay garden primary school,www.boonlaygardenpri.moe.edu.sg,20 boon lay drive,649930,lakeside & boon lay,"30, 99, 154, 178, 180, 187, 240, 246",jurong west,west,government school,co-ed school,single session,primary,1.34317853793318,103.713280889452
boon lay secondary school,https://www.boonlaysec.moe.edu.sg,11 jurong west street 65,648354,boon lay,"30, 79, 99, 154, 157, 172, 174, 178, 179, 180, 181, 181m, 187, 192, 193, 194, 198, 199, 240, 241, 242, 243g/w, 246, 249, 251, 252, 258, 405, 502, 974",jurong west,west,government school,co-ed school,single session,secondary (s1-s5),1.34272216334333,103.701891453912
bowen secondary school,http://www.bowensec.moe.edu.sg,2 lorong napiri,547529,"hougang mrt, serangoon mrt, sengkang mrt","43, 70, 73, 103, 109, 156, 854, 25, 74, 74e, 76, 112, 132, 147, 165, 55",hougang,north,government school,co-ed school,single session,secondary (s1-s5),1.37035994436209,103.877659577677
broadrick secondary school,http://www.broadricksec.moe.edu.sg,61 dakota crescent,399935,dakota mrt,"10, 16, 30, 31, 32, 33",geylang,east,government school,co-ed school,single session,secondary (s1-s5),1.30705061123433,103.886917922608
bukit batok secondary school,http://www.bukitbatoksec.moe.edu.sg,50 bukit batok west ave 8,658962,bukit batok mrt,"66, 66c, 157, 174, 174e, 178, 506, 941, 991",bukit batok,west,government school,co-ed school,single session,secondary (s1-s5),1.34849111079052,103.74087370482
bukit merah secondary school,http://www.bukitmerahsec.moe.edu.sg,10 lengkok bahru,159050,redhill mrt,"14, 32, 33, 63, 64, 120, 132, 139, 145, 147, 196, 197, 855, 961",bukit merah,south,government school,co-ed school,single session,secondary (s1-s5),1.28569283064288,103.813438929393
bukit panjang govt. high school,http://www.bpghs.moe.edu.sg,7 choa chu kang ave 4,689809,choa chu kang mrt,"300, 983",choa chu kang,west,government school,co-ed school,single session,secondary (s1-s5),1.38224243360043,103.738361221869
bukit panjang primary school,http://www.bukitpanjangpri.moe.edu.sg,109 cashew road,679676,from pending lrt station to choa chu kang mrt station,"75, 184",bukit panjang,west,government school,co-ed school,single session,primary,1.37362179302436,103.769374904025
bukit timah primary school,http://www.bukittimahpri.moe.edu.sg,111 lorong kismis,598112,"beauty world, bukit batok and clementi stations",173,bukit timah,west,government school,co-ed school,single session,primary,1.3377498622588,103.766855344779
bukit view primary school,http://www.bukitviewpri.moe.edu.sg,18 bukit batok street 21,659634,bukit batok mrt station,"173, 157, 178, 852, 66, 106, 61, 506, 963, 77",bukit batok,west,government school,co-ed school,single session,primary,1.34586054788695,103.75366641455
bukit view secondary school,https://www.bukitviewsec.moe.edu.sg,16 bukit batok street 21,659633,bukit batok mrt,"61, 66, 77, 106, 157, 173, 174, 178, 189, 506, 653, 852, 963, 990",bukit batok,west,government school,co-ed school,single session,secondary (s1-s5),1.3457330554294,103.752226593984
canberra primary school,http://www.canberrapri.moe.edu.sg,21 admiralty drive,757714,sembawang mrt station,bus no. 859,sembawang,north,government school,co-ed school,single session,primary,1.45125024371543,103.815858858929
canberra secondary school,https://canberrasec.moe.edu.sg,51 sembawang drive,757699,sembawang mrt,"859, 962",sembawang,north,government school,co-ed school,single session,secondary (s1-s5),1.45319086315972,103.814203583818
canossa catholic primary school,https://canossacatholicpri.moe.edu.sg/,1 sallim road,387621,nearest mrt station: mattar station (about 3-minute walk),"aljunied road (same side as ccps): 62, 64, 100, aljunied road (opposite ccps): 61, 62, 64, 66, 100, 135, 154, 155, merpati rd (after jln anggerek): 40, 61, 63, 65, 66, 135",geylang,east,government-aided sch,co-ed school,single session,primary,1.32664424544839,103.882227964852
cantonment primary school,http://www.cantonmentpri.moe.edu.sg,1 cantonment close,088256,"tanjong pagar, outram park","121, 167, 196",bukit merah,south,government school,co-ed school,single session,primary,1.27547252623201,103.839962631748
casuarina primary school,http://www.casuarinapri.moe.edu.sg/,30 pasir ris st 41,518935,pasir ris mrt station,"nos. 12, 21 & 358",pasir ris,east,government school,co-ed school,single session,primary,1.37246063927999,103.957020286115
catholic high school,http://www.catholichigh.moe.edu.sg,9 bishan street 22,579767,bishan mrt,"13, 52, 54, 88, 156, 162, 162m, 410",bishan,north,government-aided sch,boys' school,single session,mixed level (p1-s4),1.35452517065756,103.844900804804
catholic junior college,https://cjc.moe.edu.sg/,129 whitley road,297822,"toa payoh (ns line), novena (ns line), stevens (dt line), caldecott (cc line,te line)","105, 132, 151, 153, 154, 156, 186, 966, 985",novena,south,government-aided sch,co-ed school,full day,junior college,1.32455605783219,103.835028842353
cedar girls' secondary school,http://www.cedargirlssec.moe.edu.sg,1 cedar avenue,349692,"woodleigh mrt, potong pasir mrt, mattar mrt","8, 13, 61, 64, 65, 66, 90, 100, 107, 133, 135, 142, 147, 151, 154, 155, 853",toa payoh,south,government school,girls' school,single session,secondary (s1-s4),1.33375800216334,103.873933064886
cedar primary school,http://www.cedarpri.moe.edu.sg,15 cedar avenue,349700,potong pasir mrt station,"8, 61, 64, 65, 66, 66a, 90, 90a, 100, 135, 151, 154, 155",toa payoh,south,government school,co-ed school,single session,primary,1.3355885014312,103.87562104944
changkat changi secondary school,http://www.changkatchangisec.moe.edu.sg,23 simei st 3,529894,simei mrt,"5, 9, 20, 38",tampines,east,government school,co-ed school,single session,secondary (s1-s5),1.33950630072876,103.953245525564
changkat primary school,http://www.changkatpri.moe.edu.sg/,11 simei st 3,529896,simei mrt station,"9, 38, 5",tampines,east,government school,co-ed school,single session,primary,1.34023163951633,103.952080114035
chij (katong) primary,http://chijkcp.moe.edu.sg/,17 martia road,424821,"marine parade, eunos, paya lebar","15, 55, 36, 16, 135, 197, 196, 31, 13, 76, 12, 10, 14, 32, 40",bedok,east,government-aided sch,girls' school,single session,primary,1.30648535277087,103.911105620496
chij (kellock),http://www.chijkellock.moe.edu.sg/,1 bukit teresa road,099757,outram park station,"61, 124, 143, 166",bukit merah,south,government-aided sch,girls' school,single session,primary,1.275022722964,103.828157564896
chij katong convent,http://www.chijkatongconvent.moe.edu.sg,346 marine terrace,449150,"bedok mrt, kembangan mrt, eunos mrt, paya lebar mrt, marine terrace mrt","4n, 13, 16, 31, 36, 36a, 36b, 43, 47, 48, 55, 134, 135, 135a, 150, 196, 196e, 197, 853c, 763",marine parade,east,government-aided sch,girls' school,single session,secondary (s1-s5),1.30644268034894,103.917144350028
chij our lady of good counsel,http://www.chijourladyofgoodcounsel.moe.edu.sg,2c burghley drive,558979,"ang mo kio mrt, bishan mrt, serangoon mrt station.","317 feeder bus service from serangoon interchange. 135, 136 from ang mo kio interchange.",serangoon,south,government-aided sch,girls' school,single session,primary,1.35742952269615,103.864009397373
chij our lady of the nativity,http://www.chijourladyofthenativity.moe.edu.sg/,1257 upper serangoon road,534793,hougang mrt,"74, 102, 112, 113, 119, 136, 147, 324, 672",hougang,south,government-aided sch,girls' school,single session,primary,1.37330297140128,103.897575728303
chij our lady queen of peace,http://www.chijourladyqueenofpeace.moe.edu.sg/,4 chestnut drive,679287,cashew and hillview,"180, 67, 171, 176, 177, 178, 184, 961, 963, 970",bukit panjang,west,government-aided sch,girls' school,single session,primary,1.36646014136363,103.768739256709
chij primary (toa payoh),http://www.chijpritoapayoh.moe.edu.sg,628 lorong 1 toa payoh,319765,toa payoh,"59, 231, 141",toa payoh,south,government-aided sch,girls' school,single session,primary,1.33275264711587,103.841847263786
chij secondary (toa payoh),http://www.chijsec.edu.sg,626 lorong 1 toa payoh,319764,toa payoh mrt,"59, 141, 231",toa payoh,south,government-aided sch,girls' school,single session,secondary (s1-s5),1.33246079948303,103.843271625083
chij st. joseph's convent,http://www.chijstjosephsconvent.moe.edu.sg,62 sengkang east way,548595,sengkang mrt,"50, 82, 86, 88, 119, 136",sengkang,north,government-aided sch,girls' school,single session,secondary (s1-s5),1.39175222260369,103.902464991543
chij st. nicholas girls' school,http://www.chijstnicholasgirls.moe.edu.sg,501 ang mo kio street 13,569405,"ang mo kio mrt, yio chu kang mrt, mayflower mrt","76, 265, 268, 269",ang mo kio,north,government-aided sch,girls' school,single session,mixed level (p1-s4),1.37347687878916,103.834253269436
chij st. theresa's convent,http://www.chijsttheresasconvent.moe.edu.sg,160 lower delta road,099138,"harbourfront mrt, tiong bahru mrt","65, 121, 123, 123m, 124, 131, 131m, 195, 195a, 272, 855",bukit merah,south,government-aided sch,girls' school,single session,secondary (s1-s5),1.27535177510054,103.822440701642
chongfu school,http://www.chongfu.moe.edu.sg/,170 yishun avenue 6,768959,yishun mrt station,feeder service 811,yishun,north,government-aided sch,co-ed school,single session,primary,1.43839562897006,103.839309173817
chongzheng primary school,http://www.chongzhengpri.moe.edu.sg,1 tampines street 21,529392,"tampines mrt station, tampines east mrt station","3, 3a, 8, 17, 18, 20, 28, 34, 39, 59, 518",tampines,east,government school,co-ed school,single session,primary,1.35070739237744,103.951399541868
christ church secondary school,http://www.christchurchsec.moe.edu.sg,20 woodlands drive 17,737924,"woodlands mrt, woodlands south mrt","901, 901m, 665",woodlands,north,government-aided sch,co-ed school,single session,secondary (s1-s5),1.42656780901455,103.793451105242
chua chu kang primary school,http://www.chuachukangpri.moe.edu.sg,20 choa chu kang avenue 2,689905,"choa chu kang mrt station and, southview lrt station","bus service 300, 301 and nr3 along chua chu kang ave 2, bus service 172, 301, 991 along chua chu kang ave 1",choa chu kang,west,government school,co-ed school,single session,primary,1.37775890093367,103.741832917421
chua chu kang secondary school,http://www.chuachukangsec.moe.edu.sg,31 teck whye crescent,688848,"choa chu kang mrt, phoenix lrt","190, 190a, 307, 975, 982e, 985",choa chu kang,west,government school,co-ed school,single session,secondary (s1-s5),1.38333422637073,103.75510327583
chung cheng high school (main),http://www.chungchenghighmain.moe.edu.sg,50 goodman road,439012,dakota mrt,"10, 12, 14, 14a, 14e 16, 16m, 30, 31, 32, 33, 40, 43, 43e 135, 134, 196, 196a 197, 401, 853m",marine parade,east,government-aided sch,co-ed school,single session,secondary (s1-s4),1.30509154753048,103.891653229373
chung cheng high school (yishun),http://www.chungchenghighyishun.moe.edu.sg,11 yishun street 61,768547,khatib mrt,"yishun street 61 (opposite school) - 812, yishun ave 2 - 39, 85, 117, 851, 852, 853, 854, 855, 857, 858, 860, 965, 969",yishun,north,government-aided sch,co-ed school,single session,secondary (s1-s5),1.41922603586175,103.837390782849
clementi primary school,http://www.clementipri.moe.edu.sg,8 clementi ave 3,129903,clementi mrt station,we are just beside clementi bus interchange.,clementi,west,government school,co-ed school,single session,primary,1.31506321827875,103.763144493687
clementi town secondary school,http://www.clementitownsec.moe.edu.sg,10 clementi ave 3,129904,clementi mrt,"14, 105, 106, 147, 156, 165, 166, 173, 175, 184, 196, 282, 284, 285, 7, 96, 99",clementi,west,government school,co-ed school,single session,secondary (s1-s5),1.31553912945073,103.762020598524
commonwealth secondary school,http://www.commonwealthsec.moe.edu.sg,698 west coast road,608784,"jurong east mrt, clementi mrt","30, 51, 78, 79, 143, 143m, 176, 201",jurong east,west,government school,co-ed school,single session,secondary (s1-s5),1.31920395934801,103.745637393049
compassvale primary school,http://www.compassvalepri.moe.edu.sg/,21 compassvale st,545091,sengkang,"83 (along compassvale street), 27, 89, 89e & 965 (along compassvale road).",sengkang,north,government school,co-ed school,single session,primary,1.39444529636566,103.897812229905
compassvale secondary school,http://www.compassvalesec.moe.edu.sg,51 compassvale crescent,545083,"sengkang mrt, compassvale lrt","27, 27a, 82, 83, 86, 88, 89, 89e, 136, 161, 371, 965",sengkang,north,government school,co-ed school,single session,secondary (s1-s5),1.39614083952009,103.899847164494
concord primary school,http://www.concordpri.moe.edu.sg/,3 choa chu kang ave 4,689814,choa chu kang mrt station,bus 300 and 983,choa chu kang,west,government school,co-ed school,single session,primary,1.38000806197242,103.736225440727
corporation primary school,http://www.corporationpri.moe.edu.sg,31 jurong west street 24,648347,"boon lay station, lakeside station","157 (from boon lay interchange), or 185",jurong west,west,government school,co-ed school,single session,primary,1.35099779872539,103.707593724342
crescent girls' school,http://www.crescent.edu.sg,357 tanglin road,247961,redhill mrt,"32, 111, 122, 132, 51, 139, 186, 970",bukit merah,south,government school,girls' school,single session,secondary (s1-s4),1.29331947077104,103.817544461755
crest secondary school,http://www.crestsec.edu.sg,561 jurong east street 24,609561,"bukit batok mrt, jurong east mrt","41, 52, 98, 98m, 105, 176, 183, 187, 188, 188r, 333, 502, 868, 990",jurong east,west,specialised independent school,co-ed school,single session,secondary (s1-s4),1.3431198045076,103.742628105304
damai primary school,http://www.damaipri.moe.edu.sg,52 bedok reservoir crescent,479226,bedok north mrt station,"bus 228, 66, 65, 22, 21, 5 and 506",bedok,east,government school,co-ed school,single session,primary,1.33546106800406,103.921270169613
damai secondary school,http://www.damaisec.moe.edu.sg,4800 bedok reservoir road,479229,"bedok reservoir mrt, bedok mrt, tampines mrt","5, 21, 22, 59, 65, 66, 228, 506, ct18",bedok,east,government school,co-ed school,single session,secondary (s1-s5),1.33692798510393,103.927091653438
dazhong primary school,http://www.dazhongpri.moe.edu.sg,35 bukit batok street 31,659441,bukit gombak,"187, 188",bukit batok,west,government school,co-ed school,single session,primary,1.3591797447277,103.74847210784
de la salle school,http://www.delasalle.moe.edu.sg,11 choa chu kang st 52,689285,yew tee mrt,"tibs 302, 979",choa chu kang,west,government-aided sch,co-ed school,single session,primary,1.3947078296399,103.743201812831
deyi secondary school,http://www.deyisec.moe.edu.sg,1 ang mo kio street 42,569277,ang mo kio mrt,"22, 24, 25, 45, 50, 55, 73, 74, 76, 88, 132, 135, 159, 162, 165, 261, 262, 268, 652, 853",ang mo kio,south,government school,co-ed school,single session,secondary (s1-s5),1.36599702567717,103.852545772422
dunearn secondary school,http://www.dunearnsec.moe.edu.sg,21 bukit batok west avenue 2,659204,"bukit batok mrt, bukit gombak mrt","160, 180, 187, 188, 945, 947, 985",bukit batok,west,government school,co-ed school,single session,secondary (s1-s5),1.36357900792871,103.74472109107
dunman high school,http://www.dunmanhigh.moe.edu.sg,10 tanjong rhu road,436895,"katong park mrt,aljunied mrt, kallang mrt, mountbatten mrt,","12, 14, 30, 158, 196",kallang,east,government school,co-ed school,single session,mixed level (s1-jc2),1.29996216014962,103.88294155989
dunman secondary school,http://www.dunmansec.moe.edu.sg,21 tampines street 45,529093,tampines east mrt,"28, 29, 293",tampines,east,government school,co-ed school,single session,secondary (s1-s5),1.36065258337022,103.956213906966
east spring primary school,http://www.eastspringpri.moe.edu.sg,31 tampines st 33,529258,tampines,"291, 28, 18",tampines,east,government school,co-ed school,single session,primary,1.35268400746357,103.961676849165
east spring secondary school,http://www.eastspringsec.moe.edu.sg,30 tampines street 34,529231,"tampines mrt, tampines east mrt","3, 4, 9, 12, 17, 18, 19, 21, 28, 29, 34, 37, 39, 59, 81, 291, 518",tampines,east,government school,co-ed school,single session,secondary (s1-s5),1.35622508992581,103.960640700298
edgefield primary school,http://www.edgefieldpri.moe.edu.sg,41 edgefield plains,828869,punggol mrt,"3, 34, 62, 82, 83, 136",punggol,east,government school,co-ed school,single session,primary,1.40009139510996,103.907847599114
edgefield secondary school,http://www.edgefieldsec.moe.edu.sg,36 punggol field,828814,punggol mrt,"3, 34, 62, 82, 83, 119, 136, 381, 382g",punggol,east,government school,co-ed school,single session,secondary (s1-s5),1.40059309981824,103.902687385465
elias park primary school,http://www.eliasparkpri.moe.edu.sg,11 pasir ris street 52,518866,pasir ris mrt,"3, 15, 39, 53, 81, 88, 89, 357, 403, 518",pasir ris,east,government school,co-ed school,single session,primary,1.37505696315817,103.945289416873
endeavour primary school,https://endeavourpri.moe.edu.sg/,10 admiralty link,757521,sembawang mrt station,"859, 962",sembawang,north,government school,co-ed school,single session,primary,1.45403837499301,103.817436231731
eunoia junior college,http://www.eunoiajc.moe.edu.sg,2 sin ming place,573838,"bishan mrt station, marymount mrt station, ang mo kio mrt station, bright hill mrt station","13, 52, 74, 88, 130, 410g, 410w, 851, 852",bishan,north,government school,co-ed school,full day,junior college,1.36213757183547,103.841286169122
evergreen primary school,http://www.evergreenpri.moe.edu.sg/,31 woodlands circle,738908,admiralty,"913(front), 911 & 858(back)",woodlands,north,government school,co-ed school,single session,primary,1.44415332824735,103.794577787757
evergreen secondary school,http://www.evergreensec.moe.edu.sg,11 woodlands street 83,738489,woodlands mrt,911,woodlands,north,government school,co-ed school,single session,secondary (s1-s5),1.44149131273737,103.794137756171
fairfield methodist school (primary),http://www.fmsp.moe.edu.sg/,100 dover road,139648,"one-north mrt, buona vista mrt & dover mrt","sbs bus 14, 33, 74, 166 & 196",queenstown,south,government-aided sch,co-ed school,single session,primary,1.30100441916733,103.785455606827
fairfield methodist school (secondary),http://www.fairfieldmethodistsec.moe.edu.sg,102 dover road,139649,"buona vista mrt, one-north mrt","33, 74, 166, 196",queenstown,south,government-aided sch,co-ed school,single session,secondary (s1-s5),1.30163374395823,103.784099647149
farrer park primary school,http://www.farrerparkpri.moe.edu.sg,2 farrer park road,217567,farrer park mrt station,131,kallang,south,government school,co-ed school,single session,primary,1.31236867681371,103.850766402965
fengshan primary school,http://www.fengshanpri.moe.edu.sg,307 bedok north road,469680,bedok mrt,"18, 228, 222, 17, 69, 66, 67, 168, 28, 506, 14, 45",bedok,east,government school,co-ed school,single session,primary,1.32980598760785,103.931710293058
fern green primary school,www.ferngreenpri.moe.edu.sg,70 fernvale link fern green primary school,797538,kupang lrt station (sw3),"85, 102",sengkang,north,government school,co-ed school,single session,primary,1.39726966050479,103.880330305684
fernvale primary school,www.fernvalepri.moe.edu.sg,1 fernvale lane,797701,fernvale lrt (sengkang west loop),"along sengkang west ave - bus services 50, 163; along yio chu kang road - bus services 70, 86, 103 and 854.",sengkang,north,government school,co-ed school,single session,primary,1.39030227963797,103.874445458032
first toa payoh primary school,http://www.firsttoapayohpri.moe.edu.sg,7 lorong 8 toa payoh,319252,braddell & toa payoh stations,"157, 153, 105, 159, 88, fs238",toa payoh,south,government school,co-ed school,single session,primary,1.34032299499938,103.855529906182
frontier primary school,http://www.frontierpri.moe.edu.sg,20 jurong west street 61,648200,pioneer mrt station (ew28),"241, 974, 179",jurong west,west,government school,co-ed school,single session,primary,1.33641298743234,103.69970173931
fuchun primary school,http://www.fuchunpri.moe.edu.sg,23 woodlands avenue 1,739063,marsiling,"187, 856, 912, 925, 950, 960, 961, 963, 963e, 963r, 966",woodlands,north,government school,co-ed school,single session,primary,1.43047990810126,103.778192944298
fuhua primary school,http://www.fuhuapri.moe.edu.sg,65 jurong east street 13,609647,jurong east mrt station,"jurong east central (bs28441): 41, 49, 52, 105, 160, 160a, 160m, 176, 183, 334, 506, jurong east central (bs28431):51, 66, 78, 79, 143, 143m, 176, 335",jurong east,west,government school,co-ed school,single session,primary,1.33659726465816,103.736089481883
fuhua secondary school,http://www.fuhuasec.moe.edu.sg,5 jurong west street 41,649410,"chinese garden mrt, lakeside mrt","49, 98, 99, 157, 180, 185, 187, 198, 334, 335, 502, 657",jurong west,west,government school,co-ed school,single session,secondary (s1-s5),1.34701408913756,103.72652089832
gan eng seng primary school,http://www.ganengsengpri.moe.edu.sg,100 redhill close,158901,redhill,"14, 63, 147, 196, 197, 855, 961",bukit merah,south,government school,co-ed school,single session,primary,1.28559516494962,103.815547410064
gan eng seng school,http://www.ganengsengsch.moe.edu.sg,1 henderson road,159561,"redhill mrt, tiong bahru mrt","14, 16, 32, 33, 51, 63, 64, 120, 122, 145, 139, 186, 851, 970",bukit merah,south,government school,co-ed school,single session,secondary (s1-s5),1.28559516494962,103.815547410064
geylang methodist school (primary),www.geylangmethodistpri.moe.edu.sg,4 geylang east central,389706,aljunied,"80, 134, 155",geylang,east,government-aided sch,co-ed school,single session,primary,1.31759126757284,103.883845744916
geylang methodist school (secondary),http://www.geylangmethodistsec.moe.edu.sg,2 geylang east central,389705,aljunied mrt,"40, 62, 63, 80, 100, 125, 134, 155, 158",geylang,east,government-aided sch,co-ed school,single session,secondary (s1-s5),1.31764900474601,103.882661129303
gongshang primary school,http://www.gongshangpri.moe.edu.sg,1 tampines street 42,529176,tampines (downtown line and east west line) and tampines east (downtown line),"4, 8, 18, 19, 21, 37, 38, 81, 293",tampines,east,government school,co-ed school,single session,primary,1.35711606790292,103.949144797277
greendale primary school,http://www.greendalepri.moe.edu.sg,50 edgedale plains,828848,"punggol, lrt: coral edge","3, 62, 83, 85, 386",punggol,east,government school,co-ed school,single session,primary,1.39648195114256,103.91233462071
greendale secondary school,http://www.greendalesec.moe.edu.sg,51 edgedale plains,828866,"punggol mrt, meridian lrt","3, 62, 83, 85, 136, 386",punggol,east,government school,co-ed school,single session,secondary (s1-s5),1.39696019936894,103.91170014084
greenridge primary school,http://www.greenridgepri.moe.edu.sg,11 jelapang road,677744,"senja lrt station, jelapang lrt station","bus 920, 922, 972",bukit panjang,west,government school,co-ed school,single session,primary,1.3858892193692,103.767794469258
greenridge secondary school,http://www.greenridgesec.moe.edu.sg,31 gangsa road,678972,"bukit panjang mrt, bukit panjang lrt, petir lrt","65, 75, 170, 170a, 171, 176, 177, 178, 180, 180a, 920, 922, 960, 961, 963, 963e, 963r, 970, 972, 972a, 972, 972a, 972m, 973, 973a, 974, 975, 976, 979, 983",bukit panjang,west,government school,co-ed school,single session,secondary (s1-s5),1.375600053443,103.763998914082
greenwood primary school,http://www.greenwoodpri.moe.edu.sg,11 woodlands dr 62,737942,admiralty mrt station,"912, 913, 962",woodlands,north,government school,co-ed school,single session,primary,1.43989958331782,103.804725587384
guangyang secondary school,http://guangyangsec.moe.edu.sg,8 bishan street 12,579807,bishan mrt,"13, 56, 57, 59, 71, 88, 93, 157, 163, 410",bishan,south,government school,co-ed school,single session,secondary (s1-s5),1.34440943525695,103.850212163078
hai sing catholic school,http://www.haisingcatholic.moe.edu.sg,9 pasir ris drive 6,519421,pasir ris mrt,"3, 5, 6, 12, 17, 21, 89, 354, 358",pasir ris,east,government-aided sch,co-ed school,single session,secondary (s1-s5),1.36933055696636,103.962762942764
haig girls' school,http://www.haiggirls.moe.edu.sg,51 koon seng road,427072,"eunos, dakota","16, 33",geylang,east,government school,girls' school,single session,primary,1.31194344271383,103.902902557195
henry park primary school,http://www.henryparkpri.moe.edu.sg,1 holland grove road,278790,"buona vista mrt, clementi mrt","7, 61, 75, 156, 157, 165, 92",bukit timah,west,government school,co-ed school,single session,primary,1.31667646178347,103.784296227747
hillgrove secondary school,http://www.hillgrovesec.moe.edu.sg,10 bukit batok street 52,659250,"bukit batok mrt, bukit gombak mrt","176, 985, 945",bukit batok,west,government school,co-ed school,single session,secondary (s1-s5),1.35273576615912,103.752986488399
holy innocents' high school,http://www.holyinnocentshigh.moe.edu.sg,1191 upper serangoon road,534786,hougang mrt,"27, 72, 74, 80, 87, 89, 101, 107, 113, 116, 119, 132, 136, 147, 153, 161, 165, 324, 325",hougang,south,government-aided sch,co-ed school,single session,secondary (s1-s5),1.37154508822261,103.896398814264
holy innocents' primary school,http://www.holyinnocentspri.moe.edu.sg/,5 lorong low koon,536451,2km walk to hougang mrt,"51, 72, 80, 101, 119, 132, 136, 153.",hougang,south,government-aided sch,co-ed school,single session,primary,1.36693830877349,103.894114899795
hong wen school,http://www.hongwen.moe.edu.sg,30 towner road,327829,boon keng mrt,"serangoon road: 13, 23, 31, 64, 65, 66, 125, 133, 147, 857, 985, balestier road: 21, 125, 130, 139, 145",kallang,south,government-aided sch,co-ed school,single session,primary,1.32175999964553,103.857628468881
horizon primary school,http://www.horizonpri.moe.edu.sg,61 edgedale plains,828819,"punggol mrt station (ne17), (lrt: kadaloor [pe5] or oasis [pe6])","3, 50, 83, 85, 569",punggol,east,government school,co-ed school,single session,primary,1.399550034492,103.913404855665
hougang primary school,http://www.hougangpri.moe.edu.sg/,1 hougang st 93,534238,"ang mo kio, buangkok, hougang, sengkang, yio chu kang","sbs 43, 72, 88, 101, 109, 116, 156, 159, 325, 329",hougang,north,government school,co-ed school,single session,primary,1.37738245231461,103.880805274557
hougang secondary school,http://www.hougangsec.moe.edu.sg,2 hougang street 93,534256,"hougang mrt, buangkok mrt","43, 88, 101, 109, 156, 159, 161, 325, 329",hougang,north,government school,co-ed school,single session,secondary (s1-s5),1.3776287955319,103.882539108965
hua yi secondary school,http://www.huayisec.moe.edu.sg,60 jurong west st 42,649371,"lakeside mrt, chinese garden mrt","49, 98, 98b, 98m, 99, 157, 185, 187, 198, 198a, 334, 335, 502",jurong west,west,government school,co-ed school,single session,secondary (s1-s5),1.35234365488339,103.721832320169
huamin primary school,http://www.huaminpri.moe.edu.sg,21 yishun avenue 11,768857,yishun mrt station,"806, 804",yishun,north,government school,co-ed school,single session,primary,1.42697284512936,103.844240226564
hwa chong institution,https://www.hci.edu.sg/,661 bukit timah road,269734,tan kah kee mrt,"66, 67, 74, 151, 154, 156, 157, 170, 170a, 174, 852, 961, 961m",bukit timah,west,independent school,co-ed school,single session,mixed level (s1-jc2),1.3249477928719,103.805704361472
innova primary school,http://www.innovapri.moe.edu.sg/,80 woodlands drive 17,737888,woodlands,"900a (weekdays only - 7.00 am to 8.30 am & 4.30 pm to 6.30 pm), 901",woodlands,north,government school,co-ed school,single session,primary,1.42896700684852,103.790607539185
jiemin primary school,http://www.jieminpri.moe.edu.sg,2 yishun street 71,768515,yishun mrt station,"167, 169, 171, 800, 811, 000, 000, 000, 000, 000, 000",yishun,north,government school,co-ed school,single session,primary,1.42768847665227,103.830425490093
jing shan primary school,http://www.jingshanpri.moe.edu.sg,5 ang mo kio st 52,569228,ang mo kio mrt,bus 265,ang mo kio,south,government school,co-ed school,single session,primary,1.37223290983498,103.852132214306
junyuan primary school,https://junyuanpri.moe.edu.sg,2 tampines street 91,528906,tampines west (downtown line); tampines (east-west line),"76281: 46, 65, 129, 76061: 10, 15, 20, 21, 23, 27, 31, 34, 39, 67, 168, 292, 75051: 5, 8, 15, 18, 21, 23, 28, 59, 67, 118, 168, 513, 518",tampines,east,government school,co-ed school,single session,primary,1.34787074766746,103.939221709073
junyuan secondary school,https://junyuansec.moe.edu.sg/,11 tampines street 84,528933,"tampines mrt, tampines west mrt","69, 291, 293, 46",tampines,east,government school,co-ed school,single session,secondary (s1-s5),1.35361315263537,103.933886165824
jurong pioneer junior college,http://jpjc.moe.edu.sg,21 teck whye walk,688258,choa chu kang / bt panjang / phoenix station (lrt),"975, 190, 985",choa chu kang,west,government school,co-ed school,full day,junior college,1.38437406410733,103.75437461519
jurong primary school,http://www.jurongpri.moe.edu.sg,320 jurong east street 32,609476,"lakeside mrt station, jurong east mrt station",333,jurong east,west,government school,co-ed school,single session,primary,1.34843859698946,103.733156566858
jurong secondary school,http://www.jurongsec.moe.edu.sg,31 yuan ching road,618652,lakeside mrt,"30, 49, 98, 154, 240, 246",jurong west,west,government school,co-ed school,single session,secondary (s1-s5),1.33002032220942,103.723952961648
jurong west primary school,http://www.jurongwestpri.moe.edu.sg,30 jurong west st 61,648368,pioneer mrt station,192,jurong west,west,government school,co-ed school,single session,primary,1.33917519796104,103.698803732244
jurong west secondary school,https://www.jurongwestsec.moe.edu.sg,61 jurong west street 65,648348,"boon lay mrt, pioneer mrt","30, 154, 157, 180, 187, 198, 242",jurong west,west,government school,co-ed school,single session,secondary (s1-s5),1.33525634688323,103.702098904443
jurongville secondary school,http://www.jurongvillesec.moe.edu.sg,202 jurong east avenue 1,609790,"jurong east mrt, lakeside mrt","98, 98m, 99, 157, 185, 187, 198, 334, 502",jurong east,west,government school,co-ed school,single session,secondary (s1-s5),1.35128862770284,103.728907710089
juying secondary school,http://juyingsec.moe.edu.sg,33 jurong west street 91,649038,"boon lay mrt, pioneer mrt, joo koon mrt","99, 241",jurong west,west,government school,co-ed school,single session,secondary (s1-s5),1.3387227734133,103.687310264575
keming primary school,http://www.kemingpri.moe.edu.sg,90 bukit batok east avenue 6,659762,bukit batok,"61, 66, 77, 106, 157, 174, 178, 963",bukit batok,west,government school,co-ed school,single session,primary,1.34552849960874,103.756449399351
kent ridge secondary school,http://www.kentridgesec.moe.edu.sg,147 west coast road,127368,"clementi mrt, haw par villa mrt","30, 51, 143, 175, 176, 201, 282",clementi,west,government school,co-ed school,single session,secondary (s1-s5),1.30122773426098,103.764889617566
kheng cheng school,http://www.khengcheng.moe.edu.sg/,15 lorong 3 toa payoh,319580,braddell,"sbs 235, 56, 73, 88, 157, 159, 163, 231",toa payoh,south,government-aided sch,co-ed school,single session,primary,1.3373381935639,103.847148501824
kong hwa school,http://www.konghwa.moe.edu.sg,350 guillemard road,399772,dakota,"service 7, 70, 70m, 197(to guillemard road)",geylang,east,government-aided sch,co-ed school,single session,primary,1.31099674009193,103.888352029067
kranji primary school,http://kranjipri.moe.edu.sg,11 choa chu kang street 54,689189,yew tee mrt,"bus no 307, 302",choa chu kang,west,government school,co-ed school,single session,primary,1.39356050497104,103.747362720939
kranji secondary school,http://www.kranjisec.moe.edu.sg,61 choa chu kang street 51,689333,"choa chu kang mrt, yew tee mrt","302, 974, 979",choa chu kang,west,government school,co-ed school,single session,secondary (s1-s5),1.39005109871311,103.741190664845
kuo chuan presbyterian primary school,http://www.kuochuanpresbyterianpri.moe.edu.sg,8 bishan street 13,579793,bishan mrt station,"54, 56, 410, 410g",bishan,south,government-aided sch,co-ed school,single session,primary,1.34978223750981,103.85452928785
kuo chuan presbyterian secondary school,http://www.kuochuanpresbyteriansec.moe.edu.sg,10 bishan street 13,579795,bishan mrt,"54, 56, 410g, 410w",bishan,south,government-aided sch,co-ed school,single session,secondary (s1-s5),1.35017129930314,103.854983746416
lakeside primary school,http://www.lakesidepri.moe.edu.sg/,161 corporation walk,618310,lakeside mrt,"30, 49, 98, 98m",jurong west,west,government school,co-ed school,single session,primary,1.33820397704287,103.718089546664
lianhua primary school,http://www.lianhuapri.moe.edu.sg/,2 bukit batok street 52,659243,bukit gombak/bukit batok,945,bukit batok,west,government school,co-ed school,single session,primary,1.35424191127295,103.754165828711
loyang view secondary school,http://www.loyangviewsec.moe.edu.sg,12 pasir ris street 11,519073,pasir ris mrt,"12, 21, 39, 53, 81, 109, 359, 518",pasir ris,east,government school,co-ed school,single session,secondary (s1-s5),1.36658417167238,103.956944585725
maha bodhi school,http://www.mahabodhi.moe.edu.sg/,10 ubi avenue 1,408931,"eunos station (transfer bus no.63, 63m), ubi station (transfer bus no. 137)","5, 8, 15, 22, 25, 45, 51, 55, 59, 61, 63, 63m, 65, 66, 93, 94, 137, 854",geylang,east,government-aided sch,co-ed school,single session,primary,1.32858023873554,103.901306904157
manjusri secondary school,http://www.manjusrisec.moe.edu.sg,20 ubi avenue 1,408940,ubi mrt,"5, 8, 15, 22, 25, 45, 51, 55, 59, 61, 63, 63m, 65, 66, 93, 94, 137, 854",geylang,east,government-aided sch,co-ed school,single session,secondary (s1-s5),1.32747123084846,103.901719963831
maris stella high school,http://www.marisstellahigh.moe.edu.sg,25 mount vernon road,368051,bartley mrt,"28, 93, 129, 158",toa payoh,north,government-aided sch,boys' school,single session,mixed level (p1-s4),1.34139473323668,103.877852484435
marsiling primary school,http://www.marsilingpri.moe.edu.sg,31 woodlands centre road,738927,marsiling mrt station,"856, 911, 912",woodlands,north,government school,co-ed school,single session,primary,1.43383904037059,103.773643013846
marsiling secondary school,http://www.marsilingsec.moe.edu.sg,12 marsiling road,739110,marsiling mrt,"913, 911",woodlands,north,government school,co-ed school,single session,secondary (s1-s5),1.43664424769955,103.776008090454
marymount convent school,http://www.marymountconvent.moe.edu.sg,20 marymount road,297754,"braddell mrt station or , caldecott mrt station","141, 235",toa payoh,south,government-aided sch,girls' school,single session,primary,1.34036676987375,103.840021064426
mayflower primary school,http://www.mayflowerpri.moe.edu.sg,200 ang mo kio avenue 5,569878,yio chu kang mrt station.,"13, 86, 138, 162, 269, 851, 852, 853.",ang mo kio,south,government school,co-ed school,single session,primary,1.37637683547682,103.843252803742
mayflower secondary school,http://www.mayflowersec.moe.edu.sg,2 ang mo kio street 21,569384,"ang mo kio mrt, mayflower mrt","71, 76, 132, 165, 166, 169, 262, 265, 268, 269",ang mo kio,south,government school,co-ed school,single session,secondary (s1-s5),1.36827266209722,103.835360726863
mee toh school,http://www.meetoh.moe.edu.sg/,21 edgedale plains,828867,punggol station,"3, 62, 83, 381",punggol,north,government-aided sch,co-ed school,single session,primary,1.3946184538592,103.908589494228
meridian primary school,http://www.meridianpri.moe.edu.sg/,20 pasir ris st 71,518798,pasir ris mrt station,"3, 359",pasir ris,east,government school,co-ed school,single session,primary,1.37552831658484,103.934889078518
meridian secondary school,http://www.meridiansec.moe.edu.sg,31 pasir ris street 51,518901,pasir ris mrt,"39, 53, 81, 89, 109, 359, 403, 518",pasir ris,east,government school,co-ed school,single session,secondary (s1-s5),1.3672468492013,103.948972483629
methodist girls' school (primary),https://www.mgs.moe.edu.sg/,11 blackmore drive,599986,king albert park mrt,"66, 67, 74, 77, 151, 154, 157, 170, 171, 174, 852, 961, 970",bukit timah,west,government-aided sch,girls' school,single session,primary,1.34947276268396,103.884971343143
methodist girls' school (secondary),http://www.mgs.moe.edu.sg,11 blackmore drive,599986,king albert park mrt,"66, 67, 74, 77, 151, 154, 157, 170, 174, 852, 961, 970",bukit timah,west,independent school,girls' school,single session,secondary (s1-s4),1.35096755912522,103.885120050588
millennia institute,http://www.millenniainstitute.moe.edu.sg,60 bukit batok west avenue 8,658965,bukit batok (ns 2),"157, 174, 174e, 178, 506, 870, 941, 991, 993",bukit batok,west,government school,co-ed school,full day,centralised institute,1.35031939200985,103.741593577684
montfort junior school,http://www.montfortjunior.moe.edu.sg/,52 hougang avenue 8,538786,hougang mrt & bus interchange,"74, 88, 101, 147, 161",hougang,north,government-aided sch,boys' school,single session,primary,1.37382444075979,103.889307782925
montfort secondary school,https://montfortsec.moe.edu.sg/,50 hougang avenue 8,538785,hougang mrt,"74, 74e, 88, 88a, 101, 147, 147a, 161",hougang,north,government-aided sch,boys' school,single session,secondary (s1-s5),1.37396131656912,103.888928372577
nan chiau high school,http://www.nanchiauhigh.moe.edu.sg,20 anchorvale link,545079,"sengkang mrt, renjong lrt, tongkang lrt","43, 83, 85, 109, 156, 159, 161, 163, 372",sengkang,north,government-aided sch,co-ed school,single session,secondary (s1-s5),1.38879582498399,103.890004423764
nan chiau primary school,http://www.ncps.moe.edu.sg,50 anchorvale link,545080,sengkang station,"156, 159, 161, 371, 372",sengkang,north,government-aided sch,co-ed school,single session,primary,1.39221149906592,103.891180928186
nan hua high school,http://www.nanhuahigh.moe.edu.sg,41 clementi avenue 1,129956,clementi mrt,"14, 33, 52, 78, 96, 97, 105, 106, 147, 151, 154, 165, 166, 183, 185, 188, 189, 196, 197, 198, 282, 285, 963",clementi,west,government school,co-ed school,single session,secondary (s1-s5),1.30809529518605,103.768561446725
nan hua primary school,http://www.nanhuapri.moe.edu.sg,30 jalan lempeng,128806,clementi mrt station,"30, 51, 143, 175, 201, 533, 655, 727, 762",clementi,west,government-aided sch,co-ed school,single session,primary,1.31920159956387,103.761095065761
nanyang girls' high school,https://www.nygh.edu.sg,2 linden drive,288683,"sixth avenue mrt, tan kah kee mrt","67, 74, 151, 154, 156, 157, 170, 174, 852, 961",bukit timah,west,independent school,girls' school,single session,secondary (s1-s4),1.33058326666479,103.802420979943
nanyang junior college,http://www.nanyangjc.moe.edu.sg/,128 serangoon avenue 3,556111,lorong chuan (circle line/cc14); 3-minute walk via sheltered walkway,"22, 24, 45, 53, 58, 73, 105, 109, 133, 135, 136, 156, 853",serangoon,south,government-aided sch,co-ed school,full day,junior college,1.35028314949236,103.866498721912
nanyang primary school,http://www.nyps.moe.edu.sg,52 king's road,268097,farrer rd mrt station,"66, 67, 74, 93, 151, 153, 154, 156, 157, 165, 170, 171, 174, 186, 852, 855, 961",bukit timah,west,government-aided sch,co-ed school,single session,primary,1.32084749904532,103.807750155296
national junior college,http://www.nationaljc.moe.edu.sg,37 hillcrest road,288913,"botanic gardens mrt, tan kah kee mrt, sixth avenue mrt","67, 74, 151, 154, 156, 157, 170, 174, 852, 961",bukit timah,south,government school,co-ed school,full day,mixed level (s1-jc2),1.33029291072172,103.804110905425
naval base primary school,http://www.navalbasepri.moe.edu.sg/,7 yishun ave 4,769028,yishun mrt station,feeder bus no. 811 from yishun interchange.,yishun,north,government school,co-ed school,single session,primary,1.41630663159387,103.838794077233
naval base secondary school,http://www.navalbasesec.moe.edu.sg,901 yishun ring road,768689,khatib mrt,"39, 85, 117, 670, 807, 811, 812, 851, 852, 853, 854, 855, 857, 858, 861, 965, 969",yishun,north,government school,co-ed school,single session,secondary (s1-s5),1.41937881620441,103.831050390247
new town primary school,http://www.newtownpri.moe.edu.sg/,300 tanglin halt road,148812,commonwealth mrt station,"sbs numbers 32, 100, 105, 111, 145, 147, 195, 196, 198, 855",queenstown,south,government school,co-ed school,single session,primary,1.29964188181021,103.80010216304
new town secondary school,http://www.newtownsec.moe.edu.sg,1020 dover road,139657,"dover mrt, clementi mrt","33, 96, 96a, 151, 196, 183",queenstown,west,government school,co-ed school,single session,secondary (s1-s5),1.30977590011357,103.77318863421
ngee ann primary school,http://www.ngeeannpri.moe.edu.sg,344 marine terrace,449149,nil,"13, 16, 16m, 31, 36, 43, 47, 48, 55, 135, 196, 196e, 197, 853m (at marine parade road), 13, 16, 16m, 196 and 196e(at marine terrace)",marine parade,east,government-aided sch,co-ed school,single session,primary,1.30552505910497,103.917463017497
ngee ann secondary school,http://www.ngeeannsec.moe.edu.sg,1 tampines street 32,529283,"tampines mrt, simei mrt, tampines east mrt","3, 4, 8, 9, 12, 17, 18, 19, 21, 28, 29, 34, 37, 38, 39, 59, 81, 291, 293, 518, 552",tampines,east,government-aided sch,co-ed school,single session,secondary (s1-s5),1.35447525755806,103.956747262496
north spring primary school,http://www.northspringpri.moe.edu.sg,1 rivervale street,545088,"nel - sengkang station, lrt - bakau station","sbs transit services 82, 85, 86, 88, 119, 136, 163, 372",sengkang,north,government school,co-ed school,single session,primary,1.38706146494859,103.903202683028
north view primary school,http://www.northviewpri.moe.edu.sg,210 yishun avenue 6,768960,"yishun, khatib","feeder service 804, 806, 807, 860",yishun,north,government school,co-ed school,single session,primary,1.42752327193727,103.848190787869
north vista primary school,http://www.northvistapri.moe.edu.sg,20 compassvale link,544974,"buangkok mrt (ne15), ranggung lrt (se5)",na,sengkang,north,government school,co-ed school,single session,primary,1.38282243016299,103.895961877928
north vista secondary school,http://www.northvistasec.moe.edu.sg,11 rivervale link,545081,"sengkang mrt, buangkok mrt, ranggung lrt","80, 82, 87, 88, 89, 119",sengkang,north,government school,co-ed school,single session,secondary (s1-s5),1.381131285358,103.899188813886
northbrooks secondary school,http://www.northbrookssec.moe.edu.sg,585 yishun ring road,768692,"yishun mrt, khatib mrt","804, 806, 807, 860, 103",yishun,north,government school,co-ed school,single session,secondary (s1-s5),1.42081285020652,103.845147332528
northland primary school,http://www.northlandpri.moe.edu.sg,15 yishun avenue 4,769026,yishun mrt station,812 (next to bus service number 171) at yishun interchange,yishun,north,government school,co-ed school,single session,primary,1.42096989918951,103.840928424929
northland secondary school,http://www.northlandsec.moe.edu.sg,3 yishun street 22,768578,yishun mrt,"811, 804, 800",yishun,north,government school,co-ed school,single session,secondary (s1-s5),1.43580183362637,103.840104687784
northlight school,https://www.nls.edu.sg,151 towner road,327830,boon keng (ne9),"21, 125, 130, 139, 145, 13, 23, 31, 64, 65, 133, 147, 857, 985",kallang,south,specialised independent school,co-ed school,full day,secondary (s1-s4),1.3191002158167,103.85575955353
northoaks primary school,http://www.northoakspri.moe.edu.sg,61 sembawang drive,757622,sembawang mrt,bus number 962,sembawang,north,government school,co-ed school,single session,primary,1.45660782030102,103.814196981329
northshore primary school,https://northshorepri.moe.edu.sg/,30 northshore drive,828671,puggol point lrt station,"84, 384",punggol,east,government school,co-ed school,single session,primary,1.41813803336667,103.904416909742
nus high school of mathematics and science,www.nushigh.edu.sg,20 clementi avenue 1,129957,nearest mrt stations - clementi and dover,"96, 97, 151, 183, 188, 189, 196, 197, 198",clementi,west,specialised school,co-ed school,full day,mixed level (s1-jc2),1.30600678096247,103.770152807737
oasis primary school,http://www.oasispri.moe.edu.sg/,71 edgefield plains,828716,damai lrt station,"50, 386",punggol,east,government school,co-ed school,single session,primary,1.40462413200793,103.911120600638
opera estate primary school,http://www.operaestatepri.moe.edu.sg,48 fidelio street,458436,"bedok, kembangan",42,bedok,east,government school,co-ed school,single session,primary,1.31931914436255,103.923788259248
orchid park secondary school,http://www.orchidparksec.moe.edu.sg,10 yishun street 81,768454,khatib mrt,811,yishun,north,government school,co-ed school,single session,secondary (s1-s5),1.41532032779634,103.837859241343
outram secondary school,http://www.outramsec.moe.edu.sg,48 anchorvale crescent,549936,"york hill campus, outram park mrt (ew16), chinatown mrt (dt19), anchorvale campus, cheng lim (sw1)","york hill campus at 3 york hill:, 174, 123, 16, 175, 195, 33, 5, 63, 75, 851, 970, 123, 186, 51, 64, sengkang campus at 48 anchorvale crescent, 110, 374, 654",sengkang,north,government school,co-ed school,single session,secondary (s1-s5),1.28651357464735,103.837127264403
palm view primary school,http://www.palmviewpri.moe.edu.sg,150 compassvale bow,544822,buangkok,"27, 43, 109, 156, 159, 161, 163, 163m, 550",sengkang,north,government school,co-ed school,single session,primary,1.38376923022123,103.891354675017
park view primary school,http://www.parkviewpri.moe.edu.sg,60 pasir ris drive 1,519524,pasir ris mrt station,"358, 39, 53, 81, 89",pasir ris,east,government school,co-ed school,single session,primary,1.37738069854249,103.939541695654
pasir ris crest secondary school,http://www.prcss.moe.edu.sg,11 pasir ris street 41,518934,pasir ris mrt,"358, 17, 81, 12, 3",pasir ris,east,government school,co-ed school,single session,secondary (s1-s5),1.37284060102246,103.959728202919
pasir ris primary school,http://www.pasirrispri.moe.edu.sg,5 pasir ris street 21,518968,pasir ris mrt,"3, 5, 6, 89",pasir ris,east,government school,co-ed school,single session,primary,1.37241870245531,103.962807212116
pasir ris secondary school,https://pasirrissec.moe.edu.sg,390 tampines street 21,529400,"tampines mrt, tampines east mrt, tampines west mrt","3, 4, 8, 10, 15, 18, 19, 20, 21, 22, 23, 27, 28, 29, 31, 37, 38, 39, 46, 65, 67, 68, 69, 72, 81, 127, 129, 168, 291, 292, 293, 298, 969",tampines,east,government school,co-ed school,single session,secondary (s1-s5),1.35422732653396,103.948962626204
paya lebar methodist girls' school (primary),http://www.payalebarmethodistgirlspri.moe.edu.sg/,298 lorong ah soo,536741,"kovan (ne13), serangoon(ne12/cc13)","45, 53, 53m, 62, 113",hougang,east,government-aided sch,girls' school,single session,primary,1.34947276268396,103.884971343143
paya lebar methodist girls' school (secondary),http://www.plmgss.moe.edu.sg,296 lor ah soo,536742,"kovan mrt, serangoon mrt","45, 53, 53m, 62, 113",hougang,east,government-aided sch,girls' school,single session,secondary (s1-s5),1.35096755912522,103.885120050588
pei chun public school,http://www.peichunpublic.moe.edu.sg,16 lorong 7 toa payoh,319320,toa payoh mrt station and braddell mrt station,"bus service 232, 57, 230",toa payoh,south,government-aided sch,co-ed school,single session,primary,1.33737358725951,103.855585578061
pei hwa presbyterian primary school,http://www.peihwapresbyterianpri.moe.edu.sg/,7 pei wah avenue,597610,beauty world,"970, 852, 174, 173, 157, 77, 61",bukit timah,west,government-aided sch,co-ed school,single session,primary,1.33805634613048,103.776106448614
pei hwa secondary school,http://www.peihwasec.moe.edu.sg,21 fernvale link,797702,"sengkang mrt, layar lrt","50, 70, 86, 103, 163, 854",sengkang,north,government school,co-ed school,single session,secondary (s1-s5),1.39037504993234,103.878461745339
pei tong primary school,http://www.peitongpri.moe.edu.sg/,15 clementi avenue 5,129857,clementi,"7, 184, 282",clementi,west,government school,co-ed school,single session,primary,1.31619786415976,103.767599818844
peicai secondary school,http://www.peicaisec.moe.edu.sg,10 serangoon avenue 4,556094,serangoon mrt,"22, 24, 43, 53, 70, 76, 103, 109, 116, 147, 156, 315, 317, 853",serangoon,south,government school,co-ed school,single session,secondary (s1-s5),1.35951583222214,103.870010749055
peirce secondary school,http://www.peircesec.moe.edu.sg,10 sin ming walk,575566,"ang mo kio mrt, bishan mrt, marymount mrt, bright hill mrt","52, 132, 162, 163, 165, 166, 167, 410, 855, 980",bishan,south,government school,co-ed school,single session,secondary (s1-s5),1.36665944653812,103.83021606804
peiying primary school,http://www.peiyingpri.moe.edu.sg,651 yishun ring road,768687,khatib,"851, 852, 853, 854, 855",yishun,north,government school,co-ed school,single session,primary,1.41741627551251,103.830143209875
pioneer primary school,http://www.pioneerpri.moe.edu.sg,80 tengah garden avenue,699915,boon lay station,"219, 241",tengah,west,government school,co-ed school,single session,primary,1.35442592930738,103.732790920197
poi ching school,http://www.poiching.moe.edu.sg,21 tampines street 71,529067,tampines mrt,"bus 293, 72, 27 and 168",tampines,east,government-aided sch,co-ed school,single session,primary,1.35765122315688,103.935246477199
presbyterian high school,http://www.presbyterian.moe.edu.sg,5209 ang mo kio avenue 6,569845,yio chu kang mrt,"45, 70, 70m, 71, 76, 86, 668, 825, 851, 851e, 852, 853, 853m",ang mo kio,south,government-aided sch,co-ed school,single session,secondary (s1-s5),1.38201194250223,103.843149382823
princess elizabeth primary school,http://www.princesselizabethpri.moe.edu.sg,30 bukit batok west avenue 3,659163,bukit batok mrt station,"bus 174, 157, 178, 66, 941",bukit batok,west,government school,co-ed school,single session,primary,1.349203512653,103.74101964471
punggol cove primary school,https://punggolcovepri.moe.edu.sg/,52 sumang walk,828674,nibong lrt station,"382w, 84",punggol,east,government school,co-ed school,single session,primary,1.41159923273069,103.898803921164
punggol green primary school,http://www.punggolgreenpri.moe.edu.sg,98 punggol walk,828772,punggol mrt station,"117, 117m, 119, 381, 382g, 666",punggol,east,government school,co-ed school,single session,primary,1.40187220643293,103.898801330302
punggol primary school,http://www.punggolpri.moe.edu.sg/,61 hougang avenue 8,538787,"hougang, buangkok","62, 74, 88, 113, 147, 325",hougang,south,government school,co-ed school,single session,primary,1.37820062547641,103.894667159512
punggol secondary school,http://www.punggolsec.moe.edu.sg,51 edgefield plains,828870,"punggol mrt, cove lrt","3, 34, 62, 82, 83, 85, 136, 965, 386",punggol,east,government school,co-ed school,single session,secondary (s1-s5),1.40205738421399,103.909213706482
punggol view primary school,http://www.punggolviewpri.moe.edu.sg,9 punggol place,828845,punggol mrt station,"50, 382",punggol,east,government school,co-ed school,single session,primary,1.40514582647962,103.905156371376
qifa primary school,http://www.qifapri.moe.edu.sg,50 west coast avenue,128104,clementi mrt station,"30, 51, 78, 143, 285, 655",clementi,west,government school,co-ed school,single session,primary,1.3132658326807,103.756629101811
qihua primary school,http://www.qihuapri.moe.edu.sg,5 woodlands street 81,738525,woodlands mrt station,"911, 900",woodlands,north,government school,co-ed school,single session,primary,1.44203596557592,103.788339762066
queenstown primary school,http://www.queenstownpri.moe.edu.sg,310 margaret dr,149303,queenstown mrt,"32, 111, 145, 195",queenstown,south,government school,co-ed school,single session,primary,1.29559365009015,103.807548617332
queenstown secondary school,http://www.queenstownsec.moe.edu.sg,1 strathmore road,148800,"redhill mrt, queenstown mrt","33, 51, 64, 111, 120, 139, 145, 186, 970",queenstown,south,government school,co-ed school,single session,secondary (s1-s5),1.29352126774652,103.813190980055
queensway secondary school,http://www.queenswaysec.moe.edu.sg,2a margaret drive,149295,"commonwealth mrt, queenstown mrt","32, 51, 93, 100, 105, 111, 122, 123, 145, 147, 153, 186, 195, 196, 198, 855, 961, 970",queenstown,south,government school,co-ed school,single session,secondary (s1-s5),1.30022271592188,103.802207291625
radin mas primary school,https://www.radinmaspri.moe.edu.sg/,1 bukit purmei avenue,099840,"tiong bahru mrt, harbourfront mrt","sbs 123, 123m, 131, 131m, sbs 65, 121, 195, 855",bukit merah,south,government school,co-ed school,single session,primary,1.27495823622634,103.824188270373
raffles girls' primary school,http://www.rafflesgirlspri.moe.edu.sg,21 hillcrest road,289072,tan kah kee mrt station,"66, 67, 74, 151, 154, 156, 157, 170, 171, 174, 852, 961",bukit timah,south,government school,girls' school,single session,primary,1.3294042600012,103.806442915912
raffles girls' school (secondary),http://www.rgs.edu.sg,2 braddell rise,318871,"braddell mrt, caldecott mrt","59, 93, 129, 156, 157, 163, 231, 232, 235",toa payoh,south,independent school,girls' school,single session,secondary (s1-s4),1.34217479932295,103.84313404727
raffles institution,http://www.ri.edu.sg,1 raffles institution lane,575954,"bishan mrt, marymount mrt","410, 13, 50, 52, 53, 54, 55, 56, 57, 58, 59, 71, 74, 88, 93, 128, 130, 132, 156, 157, 162, 163, 165, 166, 167, 851, 852, 855, 980",bishan,south,independent school,co-ed school,single session,mixed level (s1-jc2),1.34618775847486,103.845875110532
red swastika school,http://www.redswastika.moe.edu.sg,350 bedok north avenue 3,469719,bedok reservoir mrt,"bus 14, 17, 28, 46, 66, 67, 69, 222, 228",bedok,east,government-aided sch,co-ed school,single session,primary,1.33405659580859,103.934317528484
regent secondary school,http://regentsec.moe.edu.sg,50 choa chu kang north 5,689621,"yew tee mrt, choa chu kang mrt","307, 160, 170, 178, 925, 927, 960, 961, 979",choa chu kang,west,government school,co-ed school,single session,secondary (s1-s5),1.39327908335682,103.751034411529
river valley high school,https://rivervalleyhigh.moe.edu.sg/,6 boon lay avenue,649961,"boon lay mrt, lakeside mrt","99, 157, 172, 174, 174e, 198, 240, 502, 974",jurong west,west,government school,co-ed school,single session,mixed level (s1-jc2),1.34407801149725,103.709022156436
river valley primary school,http://www.rivervalleypri.moe.edu.sg,2 river valley green,237993,somerset mrt,"5, 16, 32, 54, 65, 75, 175, 970",central,south,government school,co-ed school,single session,primary,1.29418347842837,103.836018941571
riverside primary school,http://www.riversidepri.moe.edu.sg,110 woodlands crescent,737803,admiralty mrt station,bus no 913 and bus no 964,woodlands,north,government school,co-ed school,single session,primary,1.44700426493785,103.801889031334
riverside secondary school,http://www.riversidesec.moe.edu.sg,3 woodlands street 81,738524,woodlands mrt,"169, 858, 900, 900a, 903, 904, 911, 913, 964, 965, 969",woodlands,north,government school,co-ed school,single session,secondary (s1-s5),1.44110157139127,103.78830823641
rivervale primary school,http://www.rivervalepri.moe.edu.sg/,80 rivervale drive,545092,nearest lrt station : rumbia,"bus service 86, 371.",sengkang,north,government school,co-ed school,single session,primary,1.39340997767762,103.904559511997
rosyth school,https://www.rosyth.moe.edu.sg,21 serangoon north avenue 4,555855,"ang mo kio, serangoon","73, 315, 116",serangoon,north,government school,co-ed school,single session,primary,1.37289067499064,103.875001549174
rulang primary school,http://www.rulangpri.moe.edu.sg/,6 jurong west street 52,649295,lakeside,sbs 335,jurong west,west,government school,co-ed school,single session,primary,1.34673868889096,103.718457955487
"school of science and technology, singapore",http://www.sst.edu.sg,1 technology drive,138572,dover,"14, 74, 105, 106, 147, 166, 185",clementi,west,specialised school,co-ed school,full day,secondary (s1-s4),1.31292810600277,103.774011529322
"school of the arts, singapore",http://www.sota.edu.sg/,1 zubir said drive 05 01,227968,dhoby ghaut,"7, 14, 16, 36, 64, 65, 77, 106, 111, 124, 128, 131, 147, 162, 166, 167, 171, 174, 175, 190, 502, 518, 700, 857",central,south,specialised school,co-ed school,single session,mixed level (s1-jc2),1.2995771941505254,103.84876189654749
sembawang primary school,http://www.sembawangpri.moe.edu.sg,10 sembawang drive,757715,sembawang mrt (6 to 8-minute walk),"656, 859, 859b, 962, 980",sembawang,north,government school,co-ed school,single session,primary,1.44504676205659,103.82102212387
sembawang secondary school,http://www.sembawangsec.moe.edu.sg,30 sembawang crescent,757704,sembawang mrt,"859, 859a, 962",sembawang,north,government school,co-ed school,single session,secondary (s1-s5),1.44531502131387,103.816843258118
seng kang primary school,http://www.sengkangpri.moe.edu.sg/,21 compassvale walk,545166,sengkang mrt,"27, 80, 82, 83, 86, 87, 88, 89, 119, 156, 163, 371, 372 & 965",sengkang,north,government school,co-ed school,single session,primary,1.38949740422462,103.899767112047
seng kang secondary school,http://www.sengkangsec.moe.edu.sg,10 compassvale lane,545090,"sengkang mrt, ranggung lrt","27, 80, 85, 86, 87, 89, 89e, 163, 163m, 372",sengkang,north,government school,co-ed school,single session,secondary (s1-s5),1.38659683143747,103.898365036709
sengkang green primary school,https://sengkanggreenpri.moe.edu.sg/,15 fernvale road,797636,fernvale lrt (sw5) - (sengkang west loop),"sengkang and toa payoh interchange - no 163, along yio chu kang road - no 70, 86, 103 and 854, punggol interchange to bishan interchange - no 50, hougang central interchange - no 102",sengkang,north,government school,co-ed school,single session,primary,1.39284606680477,103.875217666486
serangoon garden secondary school,https://www.sgs.moe.edu.sg,21 serangoon north avenue 1,555889,"serangoon mrt, ang mo kio mrt","25, 55, 73, 74, 76, 132, 165, 315",serangoon,south,government school,co-ed school,single session,secondary (s1-s5),1.36932570490947,103.869270301476
serangoon secondary school,http://www.serangoonsec.moe.edu.sg,11 upper serangoon view,534237,"hougang mrt, kangkar lrt","62, 74, 102, 113, 119, 136, 147, 324",hougang,south,government school,co-ed school,single session,secondary (s1-s5),1.37465538827443,103.902138740699
shuqun primary school,http://www.shuqunpri.moe.edu.sg,8 jurong west street 51,649332,w11 lakeside,"98, 187, 335",jurong west,west,government school,co-ed school,single session,primary,1.34765311431632,103.721523713379
si ling primary school,http://www.silingpri.moe.edu.sg,61 woodlands avenue 1,739067,woodlands,912 from woodlands interchange,woodlands,north,government school,co-ed school,single session,primary,1.43240935732525,103.786035065192
singapore chinese girls' primary school,www.scgs.moe.edu.sg,190 dunearn road,309437,stevens,"66, 67, 105, 132, 151, 153, 154, 156, 170, 171, 186, 190, 605, 700, 960",novena,south,government-aided sch,girls' school,single session,primary,1.32080725235992,103.827744749548
singapore chinese girls' school,http://www.scgs.moe.edu.sg,190 dunearn road,309437,stevens mrt,"48, 67, 105, 132, 151, 153, 154, 156, 170, 186, 190, 960, 960e, 972, 972m",novena,south,independent school,girls' school,single session,secondary (s1-s4),1.30239915719716,103.839055904985
singapore sports school,http://www.sportsschool.edu.sg,1 champions way,737913,woodlands south mrt,901,woodlands,north,specialised school,co-ed school,full day,"mixed level (s1-s5, jc1-jc2)",1.42641140556342,103.789444793951
south view primary school,http://www.southviewpri.moe.edu.sg,6 choa chu kang central,689762,choa chu kang mrt station,307 / south view lrt station,choa chu kang,west,government school,co-ed school,single session,primary,1.38166664389749,103.746275846011
spectra secondary school,https://www.spectra.edu.sg,1 woodlands drive 64,737758,admiralty,"901m, 962 (bus stop ids: 47549 or 47541), 904 (bus stop ids: 47649 or 47641)",woodlands,north,specialised independent school,co-ed school,single session,secondary (s1-s4),1.43703750789961,103.804100467487
springdale primary school,http://springdalepri.moe.edu.sg/,71 anchorvale link,544799,"nearest mrt station: sengkang (ne16), nearest lrt station: farmway (sw2)","bus service no.: 50, 85, 102, 372, nearest bus stop (no. 67381): in front of blk 326 car park, *1-2 min walk from bus stop; enter by main gate along anchorvale link or rear gate",sengkang,north,government school,co-ed school,single session,primary,1.39467010299293,103.889926221247
springfield secondary school,http://www.springfieldsec.moe.edu.sg,30 tampines avenue 8,529593,"tampines mrt, tampines west mrt","8, 15, 23, 58, 69, 118, 129, 291, 293, 298, 513, 518",tampines,east,government school,co-ed school,single session,secondary (s1-s5),1.34957303471476,103.930354460693
st andrew's junior college,http://www.standrewsjc.moe.edu.sg/,5 sorby adams drive,357691,potong pasir ne10,"sbstransit: 8, 26, 31, 90, 142, 151, 154 (diocese of singapore), smrt buses:, 857, 966, 985 (diocese of singapore), 853 (upper serangoon road)",toa payoh,south,government-aided sch,co-ed school,full day,junior college,1.33306515740956,103.863576377056
st andrew's school (junior),http://www.saintandrewsjunior.moe.edu.sg,2 francis thomas drive,359337,"potong pasir, toa payoh","8, 13, 26, 31, 90, 90a, 107, 133, 142, 147, 853, nr6",toa payoh,south,government-aided sch,boys' school,single session,primary,1.33140255308868,103.865117134385
st andrew's school (secondary),http://www.standrewssec.moe.edu.sg,15 francis thomas drive,359342,potong pasir mrt,"8, 13, 26, 31, 90, 90a, 107, 133, 142, 147, 853",toa payoh,south,government-aided sch,boys' school,single session,secondary (s1-s5),1.33069360968075,103.866249138562
st. anthony's canossian primary school,http://www.stanthonyscanossianpri.moe.edu.sg,1602 bedok north ave 4,469701,bedok mrt,"17, 18",bedok,east,government-aided sch,girls' school,single session,primary,1.3347253730189,103.941234868202
st. anthony's canossian secondary school,https://stanthonyscanossiansec.moe.edu.sg,1600 bedok north avenue 4,469700,"bedok mrt, bedok reservoir mrt","17, 14, 46, 222",bedok,east,government-aided sch,girls' school,single session,secondary (s1-s5),1.33466313498855,103.941977166932
st. anthony's primary school,http://www.stanthonyspri.moe.edu.sg,30 bukit batok st 32,659401,bukit gombak mrt station,945,bukit batok,west,government-aided sch,co-ed school,single session,primary,1.3347253730189,103.941234868202
st. gabriel's primary school,http://www.stgabrielspri.moe.edu.sg,220 lorong chuan,556742,lor chuan mrt station (circle line),"73, 105, 159",serangoon,south,government-aided sch,boys' school,single session,primary,1.34947192653862,103.862561037707
st. gabriel's secondary school,http://www.stgabrielssec.moe.edu.sg,24 serangoon avenue 1,556140,serangoon mrt,158,serangoon,south,government-aided sch,boys' school,single session,secondary (s1-s5),1.34648798732177,103.876094163287
st. hilda's primary school,http://www.shps.moe.edu.sg,2 tampines ave 3,529706,"tampines west, tampines central",feeder bus service: 293 from tampines interchange (towards st 71),tampines,east,government-aided sch,co-ed school,single session,primary,1.34938565036336,103.937007133662
st. hilda's secondary school,http://www.sthildassec.moe.edu.sg,2 tampines street 82,528986,"tampines mrt, tampines west mrt","22, 129, 293, 298",tampines,east,government-aided sch,co-ed school,single session,secondary (s1-s5),1.34973922385379,103.937608032148
st. joseph's institution,http://www.sji.edu.sg,38 malcolm road,308274,stevens mrt,"105, 132, 151, 153, 154, 156, 186, 190, 960, 972",novena,south,independent school,co-ed school,single session,mixed level (s1-jc2),1.29725759853987,103.851023580389
st. joseph's institution junior,https://sjijunior.moe.edu.sg,3 essex road,309331,novena,21;54;56;57;124;131;141;166;518;851;980,novena,south,government-aided sch,boys' school,single session,primary,1.31781476118551,103.845633334522
st. margaret's school (primary),http://www.stmargaretspri.moe.edu.sg,136 sophia road,228197,"little india mrt station (ne7/dt12), dhoby ghaut mrt station (ns24/ne6/cc1)","64, 65, 131, 139, 147, 857, 166, (alight at the bus stop after parklane shopping mall)",central,south,government-aided sch,girls' school,single session,primary,1.30390355715254,103.845955315605
st. margaret's school (secondary),http://www.stmargaretssec.moe.edu.sg,111 farrer road,259240,farrer road mrt,"48, 93, 153, 165, 174, 186, 855, 961",bukit timah,south,government-aided sch,girls' school,single session,secondary (s1-s5),1.32006821363359,103.80995114006
st. patrick's school,http://www.stpatricks.moe.edu.sg,490 east coast road,429058,marine terrace mrt (tel),"10, 10e, 12, 13, 14, 14e, 15, 16, 31, 32, 36, 40, 43, 47, 48, 55, 135, 150, 155, 196, 197",bedok,east,government-aided sch,boys' school,single session,secondary (s1-s5),1.30788341871801,103.917638193713
st. stephen's school,http://www.ststephens.moe.edu.sg,20 siglap view,455789,kembangan mrt station,"2, 7, 24, 25, 26, 28, 30, 32, 33, 67, 854",bedok,east,government-aided sch,boys' school,single session,primary,1.31878997295135,103.917258129598
swiss cottage secondary school,http://www.swisscottagesec.moe.edu.sg,3 bukit batok street 34,659322,bukit gombak mrt,"187, 188, 985, 945",bukit batok,west,government school,co-ed school,single session,secondary (s1-s5),1.36471742697475,103.750396136688
tampines meridian junior college,http://www.tmjc.moe.edu.sg,21 pasir ris street 71,518799,pasir ris mrt station,"3, 39, 53, 68, 81, 89, 109, 358, 359, 518, 518a",pasir ris,east,government school,co-ed school,full day,junior college,1.37633346909682,103.936990723441
tampines north primary school,http://www.tampinesnorthpri.moe.edu.sg,30 tampines avenue 9,529565,tampines mrt,"sbs transit 28, 29, 293",tampines,east,government school,co-ed school,single session,primary,1.36047641484682,103.948725782833
tampines primary school,http://www.tampinespri.moe.edu.sg,250 tampines street 12,529426,tampines mrt,"8, 10, 17, 18, 27, 31, 65, 292, 293, or any bus going into tampines interchange",tampines,east,government school,co-ed school,single session,primary,1.3504863946694,103.943573098509
tampines secondary school,https://www.tampinessec.moe.edu.sg,252 tampines st 12,529427,tampines mrt,"3, 8, 10, 15, 17, 18, 20, 21, 23, 27, 28, 31, 34, 39, 59, 65, 129, 168, 292, 298, 518",tampines,east,government school,co-ed school,single session,secondary (s1-s5),1.34926094811197,103.944263709507
tanjong katong girls' school,http://www.tkgs.moe.edu.sg,20 dunman lane,439272,"paya lebar mrt, dakota mrt","10, 16, 31, 32, 33, 40, 43, 134, 135, 197",marine parade,east,government school,girls' school,single session,secondary (s1-s4),1.30821274627283,103.895820094229
tanjong katong primary school,http://www.tanjongkatongpri.moe.edu.sg/,10 seraya road,437259,na,na,marine parade,east,government school,co-ed school,single session,primary,1.30498489044822,103.899999965407
tanjong katong secondary school,http://www.tanjongkatongsec.moe.edu.sg,130 haig road,438796,"paya lebar mrt, dakota mrt","10, 16, 31, 32, 33, 40, 76, 135, 197",marine parade,east,government school,co-ed school,single session,secondary (s1-s4),1.30873515955341,103.897225196199
tao nan school,http://www.taonan.moe.edu.sg,49 marine crescent,449761,"marine parade, marine terrace","13, 16, 31, 36, 43, 48, 55, 134, 196, 197",marine parade,east,government-aided sch,co-ed school,single session,primary,1.2943321052493,103.849026157822
teck ghee primary school,http://www.teckgheepri.moe.edu.sg,1 ang mo kio street 32,569299,ang mo kio & bishan,"22, 24, 135, 853, 162, 262, 159",ang mo kio,south,government school,co-ed school,single session,primary,1.36558782075966,103.850957126982
teck whye primary school,http://www.teckwhyepri.moe.edu.sg,11 teck whye walk,688261,choa chu kang mrt & lrt,"975, 190 & 985",choa chu kang,west,government school,co-ed school,single session,primary,1.38364996834457,103.753291857016
telok kurau primary school,http://www.telokkuraupri.moe.edu.sg,50 bedok reservoir rd,479239,kaki bukit mrt (nearest),"8, 21, 60 & 65",bedok,east,government school,co-ed school,single session,primary,1.33104585441349,103.910934011337
temasek junior college,http://www.temasekjc.moe.edu.sg,2 tampines avenue 9 temasek junior college,529564,tampines east mrt,"bus service along tampines ave 9: 18, 29 and 29a, bus service along tampines ave 7: 3, 3a, 4, 9, 9a, 12, 12e, 17, 18, 19, 21, 29, 29a, 34, 34b, 37, 39, 59, 81, 293 and 518.",tampines,east,government school,co-ed school,full day,mixed level (s1-jc2),1.35728017255861,103.956185936394
temasek primary school,http://www.temasekpri.moe.edu.sg,501 bedok south ave 3,469300,tanah merah mrt,"25, 46, 48, 229",bedok,east,government school,co-ed school,single session,primary,1.31770677551333,103.945590669163
temasek secondary school,https://temaseksec.moe.edu.sg,600 upper east coast road,465561,"bedok mrt, tanah merah mrt","10, 10e, 13, 14, 25, 43, 46, 55, 137, 229, 506, 531, 853",bedok,east,government school,co-ed school,single session,secondary (s1-s5),1.31591673150616,103.947564112022
townsville primary school,http://www.townsvillepri.moe.edu.sg/,3 ang mo kio ave 10,569730,"bishan mrt, ang mo kio mrt stations","45, 50, 55, 261, 548, 22, 24, 128, 135, 159, 162, 162m, 262, 853",ang mo kio,south,government school,co-ed school,single session,primary,1.36003263746623,103.853826048327
unity primary school,http://www.unitypri.moe.edu.sg,21 choa chu kang crescent,688268,yew tee mrt,tibs 302,choa chu kang,west,government school,co-ed school,single session,primary,1.40285481877246,103.746822625758
unity secondary school,http://www.unitysec.moe.edu.sg,20 choa chu kang street 62,689143,yew tee mrt,307,choa chu kang,west,government school,co-ed school,single session,secondary (s1-s5),1.40001524119441,103.74602091483
valour primary school,valourpri.moe.edu.sg,49 punggol central,828728,na,na,punggol,east,government school,co-ed school,single session,primary,1.40683570215319,103.899078139493
victoria junior college,https://www.victoriajc.moe.edu.sg/,20 marine vista,449035,"nearest mrt stations: marine terrace, kembangan, eunos","13, 16, 16m, 31, 36, 36a, 36b, 43, 47, 48, 55, 196, 196a, 196e, 197, 853m",bedok,east,government school,co-ed school,full day,junior college,1.30670174177479,103.919982704149
victoria school,http://www.victoria.moe.edu.sg,2 siglap link,448880,"siglap, bedok mrt, paya lebar mrt","31, 36, 43, 47, 48, 55, 155, 196, 196e, 197, 401, 853m",bedok,east,government school,boys' school,single session,secondary (s1-s4),1.3087130270751,103.927980966639
waterway primary school,https://waterwaypri.moe.edu.sg,70 punggol drive,828802,kadaloor lrt station,"50, 381",punggol,east,government school,co-ed school,single session,primary,1.39882800626578,103.918621581556
wellington primary school,http://www.wellingtonpri.moe.edu.sg,10 wellington circle,757702,sembawang mrt,"980, 856, 859",sembawang,north,government school,co-ed school,single session,primary,1.45192019155475,103.822303719094
west grove primary school,http://www.westgrovepri.moe.edu.sg/,1 jurong west st 72,649223,boon lay mrt,"bus 99, 242",jurong west,west,government school,co-ed school,single session,primary,1.3448790560014,103.699286360581
west spring primary school,http://www.westspringpri.moe.edu.sg,60 bukit panjang ring road,679946,jelapang lrt,"920, 922",bukit panjang,west,government school,co-ed school,single session,primary,1.38944145898943,103.766195711835
west spring secondary school,http://www.westspringsec.moe.edu.sg,61 senja road,677737,"bukit panjang mrt, jelapang lrt, senja lrt","920, 972, 976",bukit panjang,west,government school,co-ed school,single session,secondary (s1-s5),1.38782283303782,103.760128840155
west view primary school,http://www.westviewpri.moe.edu.sg,31 senja road,677742,"bukit panjang mrt, senja lrt (a13)","170, 171, 176, 178, 180, 000, 000, 000, 000, 000",bukit panjang,west,government school,co-ed school,single session,primary,1.3836758200336,103.760240434318
westwood primary school,http://www.westwoodpri.moe.edu.sg,1 jurong west street 73,649188,boon lay mrt station,"181, 502 & 243",jurong west,west,government school,co-ed school,single session,primary,1.34718456606375,103.70053420978
westwood secondary school,https://www.westwoodsec.moe.edu.sg,11 jurong west street 25,648350,boon lay mrt,"172, 181, 181m, 185, 199, 405, 974, 974a",jurong west,west,government school,co-ed school,single session,secondary (s1-s5),1.35373698510994,103.701772102139
white sands primary school,http://www.whitesandspri.moe.edu.sg,2 pasir ris st 11,519075,pasir ris mrt station,"12, 17, 21, 39, 53, 81, 518, 109",pasir ris,east,government school,co-ed school,single session,primary,1.36555714668553,103.960918869319
whitley secondary school,http://www.whitleysec.moe.edu.sg,30 bishan street 24,579747,"bishan mrt, marymount mrt","13, 52, 54, 74, 74e, 88, 162, 162m, 588, 410, 851, 852",bishan,south,government school,co-ed school,single session,secondary (s1-s5),1.35505208480649,103.842552378136
woodgrove primary school,http://www.woodgrovepri.moe.edu.sg/,2 woodlands drive 14,738079,woodlands mrt station,901,woodlands,north,government school,co-ed school,single session,primary,1.43273620725049,103.79023031392
woodgrove secondary school,https://www.woodgrovesec.moe.edu.sg,3 woodlands avenue 6,738990,"woodlands mrt, woodlands south mrt","901, 901m",woodlands,north,government school,co-ed school,single session,secondary (s1-s5),1.42831828137013,103.79604758539
woodlands primary school,http://www.woodlandspri.moe.edu.sg,10 woodlands drive 50,738853,woodlands,912 & 912e,woodlands,north,government school,co-ed school,single session,primary,1.43658270720199,103.791791282236
woodlands ring primary school,http://www.woodlandsringpri.moe.edu.sg,11 woodlands ring road,738240,admiralty mrt station,912,woodlands,north,government school,co-ed school,single session,primary,1.43495229315857,103.797435733144
woodlands ring secondary school,http://www.woodlandsringsec.moe.edu.sg,21 woodlands avenue 1,739062,admiralty mrt,912,woodlands,north,government school,co-ed school,single session,secondary (s1-s5),1.43070452883799,103.777625748539
woodlands secondary school,http://www.woodlandssec.moe.edu.sg,11 marsiling road,739111,"marsiling mrt, woodlands mrt","913, 913m, 913, 913t, 178, 856, 903",woodlands,north,government school,co-ed school,single session,secondary (s1-s5),1.43912528141356,103.774586410437
xinghua primary school,http://www.xinghuapri.moe.edu.sg,45 hougang avenue 1,538882,kovan mrt station,"bus services 53, 62, 112, 113, 115",hougang,south,government school,co-ed school,single session,primary,1.35790893589535,103.890472887906
xingnan primary school,http://www.xingnanpri.moe.edu.sg,5 jurong west street 91,649036,pioneer mrt station,bus 99 & 241,jurong west,west,government school,co-ed school,single session,primary,1.34254744877694,103.687950252103
xinmin primary school,https://xinminpri.moe.edu.sg/,9 hougang avenue 8,538784,nil,"74, 147, 165, 112",hougang,north,government school,co-ed school,single session,primary,1.37139548941931,103.883080767491
xinmin secondary school,https://www.xinminsec.moe.edu.sg/,11 hougang avenue 8,538789,hougang mrt,"25, 43, 43m, 55, 70, 70a, 70b, 70m, 72, 72a, 73, 73a, 74, 88, 88a, 103, 109, 109a, 112, 116, 132, 147, 159, 159a, 161, 165, 329, 660, 854, 854e",hougang,north,government school,co-ed school,single session,secondary (s1-s5),1.37255884700002,103.88305161385
xishan primary school,https://www.xishanpri.moe.edu.sg/,8 yishun street 21,768611,"o alight at yishun mrt station, o take exit c, o walk towards yishun street 21","along yishun ave 2, take bus service 117, 169, 804, 812, 965. alight at blk 220. along yishun ring road, take bus service 1n, 800, 804, nr1. alight at blk 227 or 236.",yishun,north,government school,co-ed school,single session,primary,1.43347186925064,103.837755319448
yangzheng primary school,http://www.yangzhengpri.moe.edu.sg/,15 serangoon avenue 3,556108,serangoon station,"58 & 105 (outside the school, serangoon ave 3), 133 & 135(serangoon ave 2)",serangoon,south,government school,co-ed school,single session,primary,1.34864575840923,103.868595527042
yew tee primary school,http://www.yewteepri.moe.edu.sg,10 choa chu kang st 64,689100,yew tee mrt station,307,choa chu kang,west,government school,co-ed school,single session,primary,1.39676600905037,103.750985967346
yio chu kang primary school,http://www.yiochukangpri.moe.edu.sg,1 hougang street 51,538720,"hougang mrt station, yio chu kang mrt station","88, 101, 109, 159, 161 and 325",hougang,north,government school,co-ed school,single session,primary,1.37793264345276,103.885643682171
yio chu kang secondary school,http://www.yiochukangsec.moe.edu.sg,3063 ang mo kio avenue 5,569868,yio chu kang mrt,"13, 45, 86, 138, 162, 269, 851, 852, 853",ang mo kio,south,government school,co-ed school,single session,secondary (s1-s5),1.37797597740925,103.84213696352
yishun innova junior college,https://yijc.moe.edu.sg/,3 yishun ring road,768675,"yishun, khatib","167, 169, 171, 800, 812",yishun,north,government school,co-ed school,full day,junior college,1.42426692572335,103.83003171149
yishun primary school,http://www.yishunpri.moe.edu.sg,500 yishun ring road,768679,yishun,translink feeder service 800 & 812,yishun,north,government school,co-ed school,single session,primary,1.43338602975674,103.834087115915
yishun secondary school,http://www.yishunsec.moe.edu.sg,4 yishun street 71,768516,"yishun mrt, khatib mrt","167, 169, 171, 800, 807, 811, 812, 856, 858, 859, 860, 969, 980",yishun,north,government school,co-ed school,single session,secondary (s1-s5),1.42813324276086,103.828764316679
yishun town secondary school,http://www.yishuntownsec.moe.edu.sg,6 yishun street 21,768610,yishun mrt,"39, 85, 171, 800, 803, 804, 806, 811, 812, 851, 852, 853, 853c, 854, 854e, 855, 856, 857, 859, 860",yishun,north,government school,co-ed school,single session,secondary (s1-s5),1.43232156717386,103.838094226361
yu neng primary school,http://www.ynps.moe.edu.sg/,56 bedok north st 3,469623,"bedok mrt station (east-west line), bedok reservoir mrt station (downtown line)","14, 17, 18, 28, 66, 67, 69, 225",bedok,east,government school,co-ed school,single session,primary,1.33388930344069,103.932144857355
yuan ching secondary school,https://yuanchingsec.moe.edu.sg/,103 yuan ching road,618654,lakeside mrt,"49, 98, 98m, 154, 180, 187, 240, 240m, 246",jurong west,west,government school,co-ed school,single session,secondary (s1-s5),1.34200635764467,103.72089870437
yuhua primary school,http://www.yuhuapri.moe.edu.sg,158 jurong east street 24,609558,"jurong east, bukit batok","98, 98a, 187, 333, 502, 507, nr5",jurong east,west,government school,co-ed school,single session,primary,1.34280230475033,103.741105772644
yuhua secondary school,http://www.yuhuasec.moe.edu.sg,35 jurong west street 41,649406,lakeside mrt,"49, 98, 99, 157, 180, 185, 187, 198, 334, 335, 502",jurong west,west,government school,co-ed school,single session,secondary (s1-s5),1.34718626876968,103.722687235839
yumin primary school,http://www.yuminpri.moe.edu.sg,3 tampines street 21,529393,tampines mrt station,3,tampines,east,government school,co-ed school,single session,primary,1.35129177656981,103.950461927088
yusof ishak secondary school,http://www.yusofishaksec.moe.edu.sg,8 sumang walk,828676,punggol mrt,"117, 382w, 43",punggol,east,government school,co-ed school,single session,secondary (s1-s5),1.40693702458178,103.896275149571
yuying secondary school,http://www.yuyingsec.moe.edu.sg,47 hougang avenue 1,538884,"kovan mrt, serangoon mrt, hougang mrt","25, 51, 53, 53m, 55, 62, 87, 113, 119, 151, 854",hougang,south,government-aided sch,co-ed school,single session,secondary (s1-s5),1.35713595302467,103.890194755287
zhangde primary school,http://www.zhangdepri.moe.edu.sg/,51 jalan membina,169485,tiong bahru mrt station,"16, 33, 63, 123, 195, 605, 851, 14, 65, 147, 167, 196, 197, 961",bukit merah,south,government school,co-ed school,single session,primary,1.28421153335379,103.825951875662
zhenghua primary school,http://www.zhenghuapri.moe.edu.sg,9 fajar road,679002,lrt: fajar station,"190, 184, 187, 700, 700a, 921",bukit panjang,west,government school,co-ed school,single session,primary,1.37954887512229,103.769313521752
zhenghua secondary school,http://www.zhenghuasec.moe.edu.sg,62 bukit panjang ring road,679962,jelapang lrt,"920, 922, 976",bukit panjang,west,government school,co-ed school,single session,secondary (s1-s5),1.38836583415352,103.765510638527
zhonghua primary school,http://www.zhonghuapri.moe.edu.sg,12 serangoon avenue 4,556095,"ang mo kio mrt, bishan mrt, serangoon mrt","boundary road: 22, 24, 53, 105, 156, 315, 853, 501, 502, yio chu kang road: 70, 76, 103, 147, 156, 501, 502",serangoon,south,government school,co-ed school,single session,primary,1.36020329705047,103.869762438084
zhonghua secondary school,https://www.zhonghuasec.moe.edu.sg,13 serangoon avenue 3,556123,serangoon mrt,"22, 43, 45, 53, 58, 70, 81, 82, 100, 101, 103, 105, 107, 109, 133, 135, 147, 153, 158, 315, 317, 853",serangoon,south,government school,co-ed school,single session,secondary (s1-s5),1.34840720846208,103.869430481414
