YEAR,CATEGORY,MONTH,ROUND,QUOTA_PREMIUM,PREVAILING_QUOTA_PREMIUM,QUOTA,BIDS_RECEIVED
2021,a,jan,1,"$40,609","$38,137",963,"1,280"
2021,a,jan,2,"$43,501","$38,137",966,"1,309"
2021,a,feb,1,"$42,000","$39,844",885,"1,098"
2021,a,feb,2,"$41,001","$39,844",903,"1,226"
2021,a,mar,1,"$41,996","$41,397",887,"1,175"
2021,a,mar,2,"$44,589","$41,397",886,"1,186"
2021,a,apr,1,"$45,600","$42,283",883,"1,212"
2021,a,apr,2,"$49,640","$42,283",890,"1,290"
2021,a,may,1,"$48,002","$44,138",832,"1,100"
2021,a,may,2,"$41,801","$44,138",835,"1,209"
2021,a,jun,1,"$48,510","$45,272",858,"1,439"
2021,a,jun,2,"$47,821","$45,272",830,"1,178"
2021,a,jul,1,"$45,001","$46,896",867,"1,149"
2021,a,jul,2,"$47,010","$46,896",836,"1,240"
2021,a,aug,1,"$45,189","$46,358",805,"1,021"
2021,a,aug,2,"$46,689","$46,358",806,"1,127"
2021,a,sep,1,"$47,000","$46,704",804,"1,124"
2021,a,sep,2,"$48,000","$46,704",803,"1,040"
2021,a,oct,1,"$47,001","$46,482",816,"1,077"
2021,a,oct,2,"$52,709","$46,482",811,"1,304"
2021,a,nov,1,"$53,709","$47,765",536,834
2021,a,nov,2,"$55,001","$47,765",537,706
2021,a,dec,1,"$57,010","$50,570",536,771
2021,a,dec,2,"$58,801","$50,570",534,740
2021,b,jan,1,"$49,001","$42,683","1,023","1,396"
2021,b,jan,2,"$50,100","$42,683","1,018","1,338"
2021,b,feb,1,"$46,790","$45,586",943,"1,107"
2021,b,feb,2,"$46,002","$45,586",942,"1,168"
2021,b,mar,1,"$45,001","$47,701",942,"1,121"
2021,b,mar,2,"$47,001","$47,701",946,"1,222"
2021,b,apr,1,"$52,309","$47,316",958,"1,524"
2021,b,apr,2,"$61,190","$47,316",956,"1,585"
2021,b,may,1,"$60,001","$49,716",819,"1,244"
2021,b,may,2,"$58,089","$49,716",817,"1,089"
2021,b,jun,1,"$60,109","$53,932",815,"1,107"
2021,b,jun,2,"$56,032","$53,932",809,983
2021,b,jul,1,"$56,100","$57,955",840,"1,087"
2021,b,jul,2,"$59,501","$57,955",819,"1,107"
2021,b,aug,1,"$56,001","$58,306",771,980
2021,b,aug,2,"$61,001","$58,306",794,"1,065"
2021,b,sep,1,"$62,600","$58,124",791,"1,080"
2021,b,sep,2,"$68,310","$58,124",772,"1,189"
2021,b,oct,1,"$70,200","$60,586",774,"1,130"
2021,b,oct,2,"$80,210","$60,586",774,"1,240"
2021,b,nov,1,"$82,801","$66,387",587,839
2021,b,nov,2,"$79,601","$66,387",594,797
2021,b,dec,1,"$80,401","$73,954",593,822
2021,b,dec,2,"$80,989","$73,954",595,829
2021,c,jan,1,"$35,900","$32,799",372,679
2021,c,jan,2,"$40,999","$32,799",381,671
2021,c,feb,1,"$45,001","$34,471",276,510
2021,c,feb,2,"$40,890","$34,471",259,424
2021,c,mar,1,"$37,513","$38,480",255,480
2021,c,mar,2,"$39,589","$38,480",292,507
2021,c,apr,1,"$36,134","$39,982",263,488
2021,c,apr,2,"$44,001","$39,982",262,441
2021,c,may,1,"$43,001","$40,522",157,261
2021,c,may,2,"$41,701","$40,522",164,315
2021,c,jun,1,"$37,002","$40,324",195,413
2021,c,jun,2,"$37,000","$40,324",238,478
2021,c,jul,1,"$38,900","$39,807",162,340
2021,c,jul,2,"$39,523","$39,807",166,337
2021,c,aug,1,"$42,589","$39,522",118,233
2021,c,aug,2,"$40,010","$39,522",118,220
2021,c,sep,1,"$40,001","$39,171",122,211
2021,c,sep,2,"$39,000","$39,171",120,203
2021,c,oct,1,"$38,890","$40,004",125,233
2021,c,oct,2,"$40,501","$40,004",126,252
2021,c,nov,1,"$42,001","$40,166",92,173
2021,c,nov,2,"$43,502","$40,166",91,164
2021,c,dec,1,"$45,000","$40,650",93,147
2021,c,dec,2,"$44,000","$40,650",90,150
2021,e,jan,1,"$49,489",$0,467,758
2021,e,jan,2,"$51,900",$0,466,705
2021,e,feb,1,"$49,778",$0,300,435
2021,e,feb,2,"$47,506",$0,304,503
2021,e,mar,1,"$47,001",$0,296,450
2021,e,mar,2,"$47,806",$0,298,430
2021,e,apr,1,"$52,200",$0,296,635
2021,e,apr,2,"$62,100",$0,303,633
2021,e,may,1,"$63,002",$0,268,387
2021,e,may,2,"$62,000",$0,266,400
2021,e,jun,1,"$61,112",$0,259,331
2021,e,jun,2,"$58,001",$0,265,519
2021,e,jul,1,"$57,700",$0,259,416
2021,e,jul,2,"$60,001",$0,267,408
2021,e,aug,1,"$59,599",$0,199,288
2021,e,aug,2,"$64,901",$0,198,408
2021,e,sep,1,"$64,700",$0,206,319
2021,e,sep,2,"$70,002",$0,198,400
2021,e,oct,1,"$72,756",$0,214,442
2021,e,oct,2,"$85,000",$0,210,391
2021,e,nov,1,"$88,000",$0,159,257
2021,e,nov,2,"$86,001",$0,164,253
2021,e,dec,1,"$85,000",$0,149,245
2021,e,dec,2,"$83,889",$0,177,241
2022,a,jan,1,"$57,599","$54,039",543,760
2022,a,jan,2,"$57,898","$54,039",531,711
2022,a,feb,1,"$60,761","$56,670",542,819
2022,a,feb,2,"$63,000","$56,670",536,876
2022,a,mar,1,"$68,501","$59,179",531,962
2022,a,mar,2,"$71,556","$59,179",543,849
2022,a,apr,1,"$72,996","$63,220",536,723
2022,a,apr,2,"$68,699","$63,220",532,744
2022,a,may,1,"$70,901","$67,586",612,804
2022,a,may,2,"$68,001","$67,586",625,819
2022,a,jun,1,"$73,801","$70,109",612,874
2022,a,jun,2,"$74,989","$70,109",614,850
2022,a,jul,1,"$78,001","$71,565",617,900
2022,a,jul,2,"$78,899","$71,565",628,834
2022,a,aug,1,"$80,000","$74,099",554,689
2022,a,aug,2,"$87,889","$74,099",551,835
2022,a,sep,1,"$86,000","$78,930",556,723
2022,a,sep,2,"$84,000","$78,930",543,759
2022,a,oct,1,"$80,501","$82,465",564,724
2022,a,oct,2,"$81,089","$82,465",559,714
2022,a,nov,1,"$87,235","$83,247",460,687
2022,a,nov,2,"$90,589","$83,247",459,622
2022,a,dec,1,"$88,503","$84,903",458,616
2022,a,dec,2,"$88,007","$84,903",473,618
2022,b,jan,1,"$77,700","$79,034",587,712
2022,b,jan,2,"$82,001","$79,034",592,907
2022,b,feb,1,"$86,102","$80,583",550,865
2022,b,feb,2,"$93,590","$80,583",559,939
2022,b,mar,1,"$94,889","$83,464",551,860
2022,b,mar,2,"$98,889","$83,464",555,824
2022,b,apr,1,"$98,389","$88,862",550,708
2022,b,apr,2,"$90,002","$88,862",560,687
2022,b,may,1,"$92,090","$93,644",527,699
2022,b,may,2,"$95,889","$93,644",528,709
2022,b,jun,1,"$100,684","$95,025",528,851
2022,b,jun,2,"$106,001","$95,025",531,822
2022,b,jul,1,"$107,800","$97,176",527,695
2022,b,jul,2,"$110,003","$97,176",527,702
2022,b,aug,1,"$107,001","$102,078",474,612
2022,b,aug,2,"$112,001","$102,078",471,665
2022,b,sep,1,"$113,000","$107,249",470,627
2022,b,sep,2,"$108,051","$107,249",471,553
2022,b,oct,1,"$95,856","$109,643",474,635
2022,b,oct,2,"$110,000","$109,643",470,848
2022,b,nov,1,"$115,388","$107,652",411,640
2022,b,nov,2,"$113,881","$107,652",416,568
2022,b,dec,1,"$105,501","$109,363",427,568
2022,b,dec,2,"$108,006","$109,363",409,564
2022,c,jan,1,"$42,200","$42,316",90,198
2022,c,jan,2,"$43,001","$42,316",91,149
2022,c,feb,1,"$44,001","$43,284",80,149
2022,c,feb,2,"$46,501","$43,284",76,194
2022,c,mar,1,"$48,889","$44,118",76,199
2022,c,mar,2,"$51,504","$44,118",91,166
2022,c,apr,1,"$54,901","$46,016",85,210
2022,c,apr,2,"$52,002","$46,016",76,181
2022,c,may,1,"$50,890","$49,633",104,184
2022,c,may,2,"$51,501","$49,633",103,220
2022,c,jun,1,"$53,002","$51,615",107,203
2022,c,jun,2,"$53,011","$51,615",103,224
2022,c,jul,1,"$54,001","$52,552",102,160
2022,c,jul,2,"$54,889","$52,552",102,174
2022,c,aug,1,"$56,089","$52,883",95,168
2022,c,aug,2,"$59,090","$52,883",87,196
2022,c,sep,1,"$64,989","$55,014",85,179
2022,c,sep,2,"$67,001","$55,014",83,157
2022,c,oct,1,"$65,991","$59,344",84,148
2022,c,oct,2,"$70,201","$59,344",91,297
2022,c,nov,1,"$76,302","$63,894",70,147
2022,c,nov,2,"$81,802","$63,894",73,122
2022,c,dec,1,"$81,501","$71,048",69,118
2022,c,dec,2,"$78,200","$71,048",69,147
2022,e,jan,1,"$82,501",$0,149,193
2022,e,jan,2,"$83,911",$0,145,226
2022,e,feb,1,"$87,000",$0,180,269
2022,e,feb,2,"$93,102",$0,180,300
2022,e,mar,1,"$98,890",$0,190,318
2022,e,mar,2,"$99,010",$0,180,344
2022,e,apr,1,"$99,999",$0,180,290
2022,e,apr,2,"$95,801",$0,184,295
2022,e,may,1,"$91,112",$0,195,283
2022,e,may,2,"$95,901",$0,191,309
2022,e,jun,1,"$100,697",$0,190,316
2022,e,jun,2,"$104,400",$0,194,276
2022,e,jul,1,"$110,524",$0,195,340
2022,e,jul,2,"$114,001",$0,194,317
2022,e,aug,1,"$113,000",$0,167,293
2022,e,aug,2,"$112,001",$0,163,273
2022,e,sep,1,"$113,299",$0,165,260
2022,e,sep,2,"$107,201",$0,176,297
2022,e,oct,1,"$105,001",$0,179,232
2022,e,oct,2,"$108,003",$0,164,285
2022,e,nov,1,"$116,577",$0,146,283
2022,e,nov,2,"$114,009",$0,150,242
2022,e,dec,1,"$110,524",$0,149,266
2022,e,dec,2,"$109,600",$0,146,273
2023,a,jan,1,"$80,000","$85,988",462,649
2023,a,jan,2,"$86,000","$85,988",459,627
2023,a,feb,1,"$86,000","$86,723",509,663
2023,a,feb,2,"$86,556","$86,723",508,702
2023,a,mar,1,"$88,000","$85,845",517,665
2023,a,mar,2,"$93,503","$85,845",510,768
2023,a,apr,1,"$96,501","$86,677",515,749
2023,a,apr,2,"$103,721","$86,677",507,750
2023,a,may,1,"$101,001","$92,381",474,663
2023,a,may,2,"$92,000","$92,381",596,936
2023,a,jun,1,"$98,001","$95,788",581,881
2023,a,jun,2,"$96,206","$95,788",586,751
2023,a,jul,1,"$97,000","$97,905",588,756
2023,a,jul,2,"$95,202","$97,905",581,728
2023,a,aug,1,"$99,499","$96,569",632,949
2023,a,aug,2,"$100,000","$96,569",636,908
2023,a,sep,1,"$101,000","$97,652",645,840
2023,a,sep,2,"$105,000","$97,652",651,864
2023,a,oct,1,"$104,000","$99,617",785,"1,039"
2023,a,oct,2,"$106,000","$99,617",797,"1,028"
2023,a,nov,1,"$95,689","$102,584",924,"1,165"
2023,a,nov,2,"$85,001","$102,584",925,"1,291"
2023,a,dec,1,"$88,020","$99,449",928,"1,233"
2023,a,dec,2,"$85,000","$99,449",919,"1,166"
2023,b,jan,1,"$102,002","$108,106",410,487
2023,b,jan,2,"$105,459","$108,106",408,514
2023,b,feb,1,"$105,524","$108,373",430,580
2023,b,feb,2,"$115,001","$108,373",436,768
2023,b,mar,1,"$115,501","$106,916",431,629
2023,b,mar,2,"$116,201","$106,916",466,670
2023,b,apr,1,"$118,501","$109,948",430,566
2023,b,apr,2,"$120,889","$109,948",430,553
2023,b,may,1,"$119,399","$115,270",410,513
2023,b,may,2,"$113,034","$115,270",480,713
2023,b,jun,1,"$120,702","$117,255",454,719
2023,b,jun,2,"$121,000","$117,255",454,622
2023,b,jul,1,"$118,002","$118,921",471,594
2023,b,jul,2,"$118,001","$118,921",462,602
2023,b,aug,1,"$126,889","$118,357",470,853
2023,b,aug,2,"$129,890","$118,357",478,731
2023,b,sep,1,"$134,889","$122,414",470,723
2023,b,sep,2,"$140,889","$122,414",496,735
2023,b,oct,1,"$146,002","$128,094",474,643
2023,b,oct,2,"$150,001","$128,094",472,623
2023,b,nov,1,"$110,001","$138,094",636,830
2023,b,nov,2,"$135,336","$138,094",648,"1,228"
2023,b,dec,1,"$130,100","$136,187",638,933
2023,b,dec,2,"$110,001","$136,187",643,847
2023,c,jan,1,"$77,301","$75,667",70,183
2023,c,jan,2,"$77,109","$75,667",78,182
2023,c,feb,1,"$85,119","$78,703",44,108
2023,c,feb,2,"$87,790","$78,703",47,136
2023,c,mar,1,"$91,101","$81,170",43,65
2023,c,mar,2,"$85,389","$81,170",50,107
2023,c,apr,1,"$76,801","$83,969",47,103
2023,c,apr,2,"$75,334","$83,969",51,116
2023,c,may,1,"$75,589","$83,589",68,109
2023,c,may,2,"$77,501","$83,589",72,148
2023,c,jun,1,"$81,801","$80,286",68,151
2023,c,jun,2,"$83,140","$80,286",71,178
2023,c,jul,1,"$82,223","$78,361",77,147
2023,c,jul,2,"$82,001","$78,361",69,133
2023,c,aug,1,"$82,100","$80,376",122,222
2023,c,aug,2,"$82,801","$80,376",114,180
2023,c,sep,1,"$82,889","$82,345",115,182
2023,c,sep,2,"$83,801","$82,345",114,153
2023,c,oct,1,"$85,900","$82,636",114,191
2023,c,oct,2,"$84,790","$82,636",114,186
2023,c,nov,1,"$78,001","$83,714",190,281
2023,c,nov,2,"$73,889","$83,714",190,368
2023,c,dec,1,"$71,001","$81,545",193,346
2023,c,dec,2,"$69,423","$81,545",192,359
2023,e,jan,1,"$107,889",$0,146,285
2023,e,jan,2,"$107,000",$0,149,248
2023,e,feb,1,"$105,002",$0,129,229
2023,e,feb,2,"$118,001",$0,132,274
2023,e,mar,1,"$116,000",$0,132,254
2023,e,mar,2,"$116,020",$0,132,265
2023,e,apr,1,"$118,990",$0,134,252
2023,e,apr,2,"$124,501",$0,137,252
2023,e,may,1,"$124,002",$0,125,271
2023,e,may,2,"$125,000",$0,125,301
2023,e,jun,1,"$120,889",$0,124,280
2023,e,jun,2,"$123,000",$0,145,312
2023,e,jul,1,"$121,000",$0,130,217
2023,e,jul,2,"$122,110",$0,129,243
2023,e,aug,1,"$126,201",$0,140,237
2023,e,aug,2,"$131,000",$0,131,237
2023,e,sep,1,"$137,000",$0,130,219
2023,e,sep,2,"$144,640",$0,153,282
2023,e,oct,1,"$152,000",$0,140,261
2023,e,oct,2,"$158,004",$0,138,228
2023,e,nov,1,"$125,011",$0,141,227
2023,e,nov,2,"$135,002",$0,151,323
2023,e,dec,1,"$133,388",$0,145,287
2023,e,dec,2,"$118,388",$0,147,228
2024,a,jan,1,"$65,010","$93,952",924,"1,184"
2024,a,jan,2,"$81,589","$93,952",923,"1,880"
2024,a,feb,1,"$79,000","$83,385",938,"1,931"
2024,a,feb,2,"$76,801","$83,385",937,"1,909"
2024,a,mar,1,"$83,000","$79,237",963,"1,866"
2024,a,mar,2,"$85,489","$79,237",936,"1,922"
2024,a,apr,1,"$89,000","$78,482",975,"1,922"
2024,a,apr,2,"$94,010","$78,482",936,"1,390"
2024,a,may,1,"$93,604","$84,550",968,"1,632"
2024,a,may,2,"$92,700","$84,550",983,"1,444"
2024,a,jun,1,"$88,200","$89,634",962,"1,467"
2024,a,jun,2,"$90,889","$89,634",966,"1,403"
2024,a,jul,1,"$91,001","$91,401",967,"1,429"
2024,a,jul,2,"$91,899","$91,401",973,"1,342"
2024,a,aug,1,"$94,289","$91,383","1,013","1,570"
2024,a,aug,2,"$93,900","$91,383",978,"1,314"
2024,a,sep,1,"$96,490","$91,697",983,"1,308"
2024,a,sep,2,"$98,524","$91,697",990,"1,377"
2024,a,oct,1,"$103,799","$94,351",994,"1,604"
2024,a,oct,2,"$102,900","$94,351","1,058","1,499"
2024,a,nov,1,"$99,889","$98,317","1,040","1,338"
2024,a,nov,2,"$89,889","$98,317","1,041","1,320"
2024,a,dec,1,"$94,000","$98,582","1,037","1,475"
2024,a,dec,2,"$96,000","$98,582","1,035","1,506"
2024,b,jan,1,"$85,010","$130,241",633,850
2024,b,jan,2,"$112,000","$130,241",657,"1,308"
2024,b,feb,1,"$102,338","$113,742",655,"1,163"
2024,b,feb,2,"$97,000","$113,742",649,"1,034"
2024,b,mar,1,"$96,010","$106,075",708,"1,073"
2024,b,mar,2,"$96,011","$106,075",656,"1,066"
2024,b,apr,1,"$101,334","$98,062",653,"1,208"
2024,b,apr,2,"$102,001","$98,062",690,"1,008"
2024,b,may,1,"$105,002","$99,116",666,"1,237"
2024,b,may,2,"$105,689","$99,116",658,"1,099"
2024,b,jun,1,"$100,607","$101,008",685,974
2024,b,jun,2,"$102,334","$101,008",674,"1,046"
2024,b,jul,1,"$100,901","$102,828",671,896
2024,b,jul,2,"$100,000","$102,828",661,891
2024,b,aug,1,"$106,101","$102,423",663,"1,150"
2024,b,aug,2,"$105,889","$102,423",686,985
2024,b,sep,1,"$106,300","$102,639",665,924
2024,b,sep,2,"$110,001","$102,639",663,879
2024,b,oct,1,"$116,002","$104,866",671,"1,084"
2024,b,oct,2,"$113,890","$104,866",670,975
2024,b,nov,1,"$108,001","$109,698",696,"1,039"
2024,b,nov,2,"$105,081","$109,698",678,874
2024,b,dec,1,"$103,010","$109,880",689,866
2024,b,dec,2,"$109,000","$109,880",676,987
2024,c,jan,1,"$67,599","$77,168",193,340
2024,c,jan,2,"$68,001","$77,168",191,394
2024,c,feb,1,"$72,001","$71,319",196,366
2024,c,feb,2,"$73,001","$71,319",199,374
2024,c,mar,1,"$75,599","$70,171",200,303
2024,c,mar,2,"$70,112","$70,171",202,313
2024,c,apr,1,"$67,501","$71,053",197,365
2024,c,apr,2,"$68,502","$71,053",195,332
2024,c,may,1,"$70,001","$71,120",206,350
2024,c,may,2,"$72,001","$71,120",207,382
2024,c,jun,1,"$70,589","$70,620",230,334
2024,c,jun,2,"$69,900","$70,620",214,291
2024,c,jul,1,"$70,001","$69,749",214,325
2024,c,jul,2,"$70,601","$69,749",214,355
2024,c,aug,1,"$71,100","$70,516",218,312
2024,c,aug,2,"$72,400","$70,516",216,333
2024,c,sep,1,"$74,001","$70,766",216,324
2024,c,sep,2,"$74,000","$70,766",217,318
2024,c,oct,1,"$75,009","$72,018",218,321
2024,c,oct,2,"$72,939","$72,018",222,337
2024,c,nov,1,"$68,340","$73,242",236,365
2024,c,nov,2,"$69,000","$73,242",235,378
2024,c,dec,1,"$70,289","$72,215",262,418
2024,c,dec,2,"$69,890","$72,215",255,400
2024,e,jan,1,"$106,388",$0,149,263
2024,e,jan,2,"$109,004",$0,140,267
2024,e,feb,1,"$100,101",$0,163,305
2024,e,feb,2,"$94,006",$0,158,271
2024,e,mar,1,"$95,010",$0,159,282
2024,e,mar,2,"$95,856",$0,157,256
2024,e,apr,1,"$101,002",$0,164,333
2024,e,apr,2,"$103,249",$0,155,269
2024,e,may,1,"$104,689",$0,177,317
2024,e,may,2,"$105,002",$0,178,295
2024,e,jun,1,"$101,600",$0,183,319
2024,e,jun,2,"$100,000",$0,177,301
2024,e,jul,1,"$100,889",$0,176,309
2024,e,jul,2,"$100,341",$0,177,300
2024,e,aug,1,"$105,239",$0,178,322
2024,e,aug,2,"$106,001",$0,173,350
2024,e,sep,1,"$106,901",$0,176,388
2024,e,sep,2,"$113,104",$0,117,383
2024,e,oct,1,"$116,000",$0,182,346
2024,e,oct,2,"$114,700",$0,177,327
2024,e,nov,1,"$109,000",$0,189,321
2024,e,nov,2,"$107,501",$0,179,298
2024,e,dec,1,"$104,001",$0,179,326
2024,e,dec,2,"$108,992",$0,182,330
2025,a,jan,1,"$93,699","$97,747","1,034","1,381"
2025,a,jan,2,"$93,601","$97,747","1,069","1,484"
2025,a,feb,1,"$85,000","$94,513","1,138","1,446"
2025,a,feb,2,"$92,850","$94,513","1,149","2,290"
2025,a,mar,1,"$92,730","$92,525","1,144","2,034"
2025,a,mar,2,"$94,502","$92,525","1,138","1,951"
2025,a,apr,1,"$97,724","$92,064","1,138","2,162"
2025,a,apr,2,"$99,500","$92,064","1,139","2,121"
2025,a,may,1,"$103,009","$93,718","1,267","2,240"
2025,a,may,2,"$102,501","$93,718","1,267","1,915"
2025,a,jun,1,"$96,999","$98,328","1,275","1,691"
2025,a,jun,2,"$98,124","$98,328","1,254","1,647"
2025,a,jul,1,"$101,102","$99,643","1,253","1,918"
2025,a,jul,2,"$101,102","$99,643","1,253","1,874"
2025,a,aug,1,"$102,009","$100,473","1,268","1,755"
2025,a,aug,2,"$104,524","$100,473","1,264","1,922"
2025,a,sep,1,"$107,889","$100,644","1,275","1,844"
2025,a,sep,2,"$119,003","$100,644","1,272","2,521"
2025,a,oct,1,"$128,105","$105,939","1,268","2,572"
2025,a,oct,2,"$122,000","$105,939","1,270","1,968"
2025,a,nov,1,"$110,002","$113,922","1,306","1,682"
2025,a,nov,2,"$109,000","$113,922","1,285","1,587"
2025,a,dec,1,"$105,413","$116,000","1,280","1,557"
2025,a,dec,2,"$109,501","$116,000","1,283","1,647"
2025,b,jan,1,"$121,501","$109,164",677,"1,266"
2025,b,jan,2,"$116,625","$109,164",686,"1,071"
2025,b,feb,1,"$111,104","$110,537",748,"1,007"
2025,b,feb,2,"$109,598","$110,537",744,"1,135"
2025,b,mar,1,"$113,000","$111,807",765,"1,208"
2025,b,mar,2,"$116,890","$111,807",747,"1,196"
2025,b,apr,1,"$117,899","$114,787",760,"1,200"
2025,b,apr,2,"$117,003","$114,787",744,"1,098"
2025,b,may,1,"$119,890","$114,249",813,"1,210"
2025,b,may,2,"$116,988","$114,249",782,"1,093"
2025,b,jun,1,"$113,000","$116,945",795,974
2025,b,jun,2,"$116,670","$116,945",784,"1,163"
2025,b,jul,1,"$119,600","$116,909",781,"1,199"
2025,b,jul,2,"$119,101","$116,909",784,"1,148"
2025,b,aug,1,"$123,498","$117,542",789,"1,271"
2025,b,aug,2,"$124,400","$117,542",792,"1,221"
2025,b,sep,1,"$127,501","$119,379",790,"1,186"
2025,b,sep,2,"$136,890","$119,379",792,"1,273"
2025,b,oct,1,"$141,000","$125,165",830,"1,202"
2025,b,oct,2,"$131,889","$125,165",809,977
2025,b,nov,1,"$115,001","$130,863",800,953
2025,b,nov,2,"$129,890","$130,863",806,"1,514"
2025,b,dec,1,"$123,900","$130,362",802,"1,096"
2025,b,dec,2,"$115,102","$130,362",838,968
2025,c,jan,1,"$67,891","$70,912",248,364
2025,c,jan,2,"$65,476","$70,912",234,373
2025,c,feb,1,"$62,506","$68,481",260,394
2025,c,feb,2,"$65,189","$68,481",259,430
2025,c,mar,1,"$67,001","$66,874",262,413
2025,c,mar,2,"$70,089","$66,874",277,469
2025,c,apr,1,"$68,782","$66,359",267,382
2025,c,apr,2,"$65,001","$66,359",260,399
2025,c,may,1,"$62,590","$66,428",271,386
2025,c,may,2,"$63,189","$66,428",271,382
2025,c,jun,1,"$62,000","$66,109",276,386
2025,c,jun,2,"$65,000","$66,109",271,393
2025,c,jul,1,"$66,689","$64,427",291,432
2025,c,jul,2,"$68,600","$64,427",271,405
2025,c,aug,1,"$70,001","$64,678",290,422
2025,c,aug,2,"$72,190","$64,678",273,472
2025,c,sep,1,"$71,556","$67,414",283,401
2025,c,sep,2,"$72,501","$67,414",276,413
2025,c,oct,1,"$74,301","$70,257",274,424
2025,c,oct,2,"$76,801","$70,257",276,427
2025,c,nov,1,"$76,000","$72,892",283,434
2025,c,nov,2,"$76,389","$72,892",282,406
2025,c,dec,1,"$76,501","$74,592",286,370
2025,c,dec,2,"$77,003","$74,592",286,407
2025,e,jan,1,"$123,000",$0,191,415
2025,e,jan,2,"$115,112",$0,190,326
2025,e,feb,1,"$110,000",$0,199,369
2025,e,feb,2,"$110,002",$0,198,367
2025,e,mar,1,"$112,901",$0,202,403
2025,e,mar,2,"$116,991",$0,198,382
2025,e,apr,1,"$117,002",$0,200,390
2025,e,apr,2,"$118,001",$0,200,406
2025,e,may,1,"$118,889",$0,207,384
2025,e,may,2,"$118,010",$0,206,387
2025,e,jun,1,"$113,900",$0,202,363
2025,e,jun,2,"$116,889",$0,223,399
2025,e,jul,1,"$118,500",$0,212,384
2025,e,jul,2,"$120,000",$0,211,431
2025,e,aug,1,"$122,334",$0,261,511
2025,e,aug,2,"$125,001",$0,257,491
2025,e,sep,1,"$127,901",$0,256,489
2025,e,sep,2,"$140,502",$0,256,540
2025,e,oct,1,"$140,009",$0,259,472
2025,e,oct,2,"$136,000",$0,261,414
2025,e,nov,1,"$121,010",$0,282,467
2025,e,nov,2,"$125,001",$0,276,466
2025,e,dec,1,"$123,000",$0,291,544
2025,e,dec,2,"$119,000",$0,276,455
2026,a,jan,1,"$102,009","$114,004","1,285","1,658"
2026,a,jan,2,"$109,501","$114,004","1,301","2,303"
2026,a,feb,1,"$106,320","$107,571","1,265","1,982"
2026,a,feb,2,"$106,501","$107,571","1,289","1,975"
2026,a,mar,1,"$108,220","$106,541","1,268","1,762"
2026,a,mar,2,"$111,890","$106,541","1,264","1,895"
2026,a,apr,1,"$118,000","$107,407","1,265","2,537"
2026,a,apr,2,"$123,010","$107,407","1,265","2,410"
2026,a,may,1,"$124,790","$112,324","1,301","2,071"
2026,a,may,2,"$124,229","$112,324","1,239","2,283"
2026,a,jun,1,"$126,009","$118,357","1,246","2,076"
2026,a,jun,2,"$123,847","$118,357","1,251","1,768"
2026,a,jul,1,"$129,000","$123,315","1,244","1,879"
2026,a,jul,2,"$126,000","$123,315","1,245","1,590"
2026,a,aug,1,"$123,890","$125,646","1,226","1,522"
2026,b,jan,1,"$119,100","$126,131",824,"1,128"
2026,b,jan,2,"$121,634","$126,131",803,"1,207"
2026,b,feb,1,"$110,890","$120,772",813,966
2026,b,feb,2,"$105,001","$120,772",813,"1,353"
2026,b,mar,1,"$114,002","$115,938",815,"1,261"
2026,b,mar,2,"$115,568","$115,938",812,"1,185"
2026,b,apr,1,"$121,000","$114,366",811,"1,406"
2026,b,apr,2,"$121,001","$114,366",811,"1,194"
2026,b,may,1,"$126,236","$114,577",883,"1,332"
2026,b,may,2,"$129,501","$114,577",869,"1,469"
2026,b,jun,1,"$126,989","$121,218",889,"1,300"
2026,b,jun,2,"$123,502","$121,218",883,"1,202"
2026,b,jul,1,"$130,889","$124,705",867,"1,500"
2026,b,jul,2,"$129,890","$124,705",871,"1,365"
2026,b,aug,1,"$129,910","$127,835",926,"1,316"
2026,c,jan,1,"$75,503","$76,166",287,394
2026,c,jan,2,"$75,202","$76,166",283,434
2026,c,feb,1,"$74,801","$76,100",292,420
2026,c,feb,2,"$74,999","$76,100",294,502
2026,c,mar,1,"$76,000","$75,669",290,488
2026,c,mar,2,"$78,000","$75,669",290,438
2026,c,apr,1,"$80,001","$75,751",295,539
2026,c,apr,2,"$83,501","$75,751",290,494
2026,c,may,1,"$87,479","$77,884",293,511
2026,c,may,2,"$92,223","$77,884",292,468
2026,c,jun,1,"$94,000","$82,868",293,453
2026,c,jun,2,"$93,001","$82,868",291,390
2026,c,jul,1,"$95,000","$88,368",296,442
2026,c,jul,2,"$93,889","$88,368",301,430
2026,c,aug,1,"$91,545","$92,599",315,465
2026,e,jan,1,"$122,000",$0,278,528
2026,e,jan,2,"$120,891",$0,299,426
2026,e,feb,1,"$116,000",$0,271,462
2026,e,feb,2,"$112,890",$0,239,571
2026,e,mar,1,"$114,890",$0,245,514
2026,e,mar,2,"$118,119",$0,246,422
2026,e,apr,1,"$121,001",$0,245,475
2026,e,apr,2,"$125,002",$0,241,494
2026,e,may,1,"$127,700",$0,254,479
2026,e,may,2,"$130,000",$0,256,436
2026,e,jun,1,"$129,000",$0,261,497
2026,e,jun,2,"$129,002",$0,262,487
2026,e,jul,1,"$129,801",$0,277,452
2026,e,jul,2,"$129,971",$0,263,450
